date,cpi_mm,m0_eom,m0_log_mom,m1_eom,m1_log_mom,m2_eom,m2_log_mom,m2_log_yoy,m2x_eom,m2x_log_mom,miacr_1d_avg,ruonia_avg,key_rate_avg,corp_credit_rate_gt1y,hh_credit_rate_gt1y,corp_deposit_rate_gt1y,hh_deposit_rate_gt1y,usd_rub_avg,usd_rub_log_mom,brent_avg,brent_log_mom,reserves_eom,reserves_log_mom,business_climate_cbr,unemployment_rate,nominal_wage,wage_log_yoy,ppi_industry_mm,ppi_construction_mm,ppi_agriculture_mm,cargo_freight_mm,ffpi_food,ffpi_food_log_mom,infl_exp_observed_median,infl_exp_expected_median,budget_revenue_flow,budget_oilgas_revenue_flow,budget_nonoil_revenue_flow,budget_expenditure_flow,budget_balance_flow,cpi_index_mm,ppi_industry_index_mm,ppi_construction_index_mm,ppi_agriculture_index_mm,cargo_freight_index_mm,budget_revenue_cum,budget_oilgas_revenue_cum,budget_nonoil_revenue_cum,budget_expenditure_cum,budget_balance_cum,cpi_lag1,cpi_lag2,cpi_lag3,dlog_m0_eom,dlog_m1_eom,dlog_m2_eom,dlog_m2x_eom,dlog_usd_rub_avg,dlog_brent_avg,dlog_nominal_wage,dlog_reserves_eom,dlog_ffpi_food,month_2,month_3,month_4,month_5,month_6,month_7,month_8,month_9,month_10,month_11,month_12
2014-04-01,0.9000000000000057,6608.0,-1.3826490178242778,14743.0,-1.5346602600015302,14743.0,-1.5346602600015302,,37067.0,-1.5207382572802075,7.874545454545455,7.821363636363636,7.068181818181818,10.97,17.74,8.65,7.56,35.66772727272728,-1.4773195191832844,108.14090909090908,0.363903930655951,482.7,-0.2689564050184501,12.046,5.3,32947.0,,0.7000000000000028,0.4000000000000057,1.7000000000000028,2.299999999999997,121.46415205334748,-0.5566083465471827,11.624780316344465,11.522132796780683,1232.85511446183,689.9915271723598,542.8635872894702,1280.5245494506398,-47.66943498880983,100.9,100.7,100.4,101.7,102.3,4754.27497165361,2516.66478156735,2237.61019008626,4626.21500648886,128.05996516474988,1.019999999999996,0.7000000000000028,0.5900000000000034,-0.013826490178242778,-0.015346602600015302,-0.015346602600015302,-0.015207382572802075,-0.014773195191832844,0.0036390393065595106,0.04535720717007585,-0.002689564050184501,-0.005566083465471827,False,False,True,False,False,False,False,False,False,False,False
2014-05-01,0.9000000000000057,6777.0,2.5253489935298745,14777.0,0.2303524053813177,14777.0,0.2303524053813177,,37286.0,0.5890835159576113,8.214736842105264,8.15263157894737,7.5,11.23,17.67,8.66,7.78,34.833655,-2.3662264826314505,109.23909090909092,1.0103884081406278,466.9,-3.3280240689556706,9.8504,4.9,32272.0,,0.4000000000000057,2.4000000000000057,0.0,0.0999999999999943,121.196698241373,-0.2204343386656759,13.305872756933116,12.67274472168906,1128.29860633911,632.03294676426,496.2656595748499,780.1697159537098,348.1288903854001,100.9,100.4,102.4,100.0,100.1,5882.57357799272,3148.69772833161,2733.87584966111,5406.38472244257,476.1888555501501,0.9000000000000057,1.019999999999996,0.7000000000000028,0.025253489935298745,0.0023035240538131774,0.0023035240538131774,0.005890835159576113,-0.023662264826314505,0.010103884081406278,-0.02070022855065723,-0.033280240689556706,-0.0022043433866567597,False,False,False,True,False,False,False,False,False,False,False
2014-06-01,0.6200000000000045,6763.0,-0.20679475611729,14700.0,-0.5224424136805794,14700.0,-0.5224424136805794,,37293.0,0.0187720404419167,8.233157894736843,8.182105263157895,7.5,11.67,17.53,8.66,7.72,34.449533333333335,-1.108856597818786,111.96714285714286,2.4666486296649026,475.8,1.8882495891966224,7.4008,4.9,33726.0,,0.7999999999999972,0.4000000000000057,0.5,0.0,119.2437150387654,-1.6245406729138878,12.47392923649907,11.720956719817767,1238.3330748876106,554.7408538089699,683.5922210786407,995.7256320346896,242.6074428529209,100.62,100.8,100.4,100.5,100.0,7120.9066528803305,3703.43858214058,3417.4680707397506,6402.11035447726,718.796298403071,0.9000000000000057,0.9000000000000057,1.019999999999996,-0.0020679475611729004,-0.005224424136805794,-0.005224424136805794,0.00018772040441916715,-0.011088565978187859,0.024666486296649026,0.04406907203613741,0.018882495891966222,-0.016245406729138878,False,False,False,False,True,False,False,False,False,False,False
2014-07-01,0.4899999999999949,6762.0,-0.0147874307108608,14940.0,1.6194685919980856,14940.0,1.6194685919980856,,37180.0,-0.3034659184390165,8.172173913043478,8.12304347826087,7.586956521739131,11.92,17.53,8.77,7.8,34.635408695652174,0.5381080315831621,108.18521739130432,-3.4360726829812727,472.4,-0.7171513545650043,9.282,4.9,32515.0,,1.5999999999999943,0.2999999999999971,0.9000000000000057,4.599999999999994,116.25426293653972,-2.5389710085133466,11.852226720647772,11.34878048780488,1134.7605484774283,610.4291402487602,524.3314082286684,1114.4181343948003,20.34241408262824,100.49,101.6,100.3,100.9,104.6,8255.667201357759,4313.86772238934,3941.799478968419,7516.52848887206,739.1387124856992,0.6200000000000045,0.9000000000000057,0.9000000000000057,-0.0001478743071086086,0.016194685919980856,0.016194685919980856,-0.003034659184390165,0.005381080315831621,-0.03436072682981273,-0.03656753192687745,-0.007171513545650043,-0.025389710085133466,False,False,False,False,False,True,False,False,False,False,False
2014-08-01,0.2399999999999948,6871.0,1.599095176324461,14791.0,-1.0023292015437946,14791.0,-1.0023292015437946,,37426.0,0.6594667762298556,7.877142857142856,7.851904761904761,8.0,11.83,17.39,9.31,7.89,36.09842727272727,4.137276705586279,103.39571428571428,-4.528122077617258,465.8,-1.406972687296637,10.2617,4.8,30763.0,,0.0,1.4000000000000057,-0.2000000000000028,0.9000000000000057,112.78604152496165,-3.028712815618295,11.364674868189809,11.830396475770923,1183.9568654454397,573.4739351307207,610.4829303147189,950.8307812507392,233.12608419470047,100.24,100.0,101.4,99.8,100.9,9439.6240668032,4887.341657520061,4552.282409283138,8467.359270122799,972.2647966803996,0.4899999999999949,0.6200000000000045,0.9000000000000057,0.01599095176324461,-0.010023292015437946,-0.010023292015437946,0.006594667762298556,0.04137276705586279,-0.04528122077617258,-0.05538885218056322,-0.01406972687296637,-0.030287128156182952,False,False,False,False,False,False,True,False,False,False,False
2014-09-01,0.6500000000000057,6964.0,1.3444365857003149,14784.0,-0.0473372789905113,14784.0,-0.0473372789905113,,37689.0,0.7002624634793619,7.949090909090909,7.944090909090909,8.0,12.05,17.66,9.44,8.02,37.90178095238095,4.87488032749539,98.57,-4.779655762420454,456.8,-1.9510699108439944,4.6957,4.9,31929.0,,-0.7999999999999972,1.5,1.5,0.2999999999999971,109.21106324317252,-3.2210216131006497,12.53125,12.459183673469388,1258.6834310655013,607.392282516058,651.2911485494433,1061.657374679331,197.02605638617024,100.65,99.2,101.5,101.5,100.3,10698.3074978687,5494.733940036119,5203.573557832581,9529.01664480213,1169.29085306657,0.2399999999999948,0.4899999999999949,0.6200000000000045,0.013444365857003149,-0.0004733727899051132,-0.0004733727899051132,0.007002624634793619,0.0487488032749539,-0.04779655762420454,0.03720201858646455,-0.019510699108439944,-0.0322102161310065,False,False,False,False,False,False,False,True,False,False,False
2014-10-01,0.8199999999999932,6959.0,-0.0718236043228515,14747.0,-0.2505842630524668,14747.0,-0.2505842630524668,,38123.0,1.144949984476895,8.240434782608697,8.23,8.0,12.24,17.6,8.54,8.15,40.79868695652174,7.365179664171784,88.0495652173913,-11.28670586531575,428.6,-6.372157530232414,3.6106,5.1,32439.0,,0.2999999999999971,-0.2000000000000028,1.7999999999999972,-5.099999999999994,109.33727670791446,0.1155016586276147,14.258620689655173,13.81726907630522,1193.2886587621997,618.3956375672715,574.8930211949282,1184.9013535675697,8.387305194630244,100.82,100.3,99.8,101.8,94.9,11891.5961566309,6113.12957760339,5778.466579027509,10713.9179983697,1177.6781582612002,0.6500000000000057,0.2399999999999948,0.4899999999999949,-0.0007182360432285151,-0.0025058426305246684,-0.0025058426305246684,0.011449499844768951,0.07365179664171784,-0.11286705865315749,0.015846714904492742,-0.06372157530232414,0.0011550165862761475,False,False,False,False,False,False,False,False,True,False,False
2014-11-01,1.2800000000000011,6908.0,-0.7355625578281177,14260.0,-3.358125728265371,14260.0,-3.358125728265371,,38797.0,1.7525149517126692,10.211111111111112,10.226111111111113,9.5,12.56,17.72,9.82,8.41,46.21748421052632,12.470827415625465,79.62899999999999,-10.052154891481546,420.5,-1.907960362647376,-0.0036,5.2,32546.0,,-0.5,0.7000000000000028,1.5,0.4000000000000057,108.1385690831083,-1.1023934727527165,13.61798839458414,13.146153846153846,1059.8016667081993,605.6334315600798,454.1682351481195,925.2930982257004,134.50856848249896,101.28,99.5,100.7,101.5,100.4,12951.3978233391,6718.76300916347,6232.634814175629,11639.2110965954,1312.1867267436992,0.8199999999999932,0.6500000000000057,0.2399999999999948,-0.0073556255782811775,-0.03358125728265371,-0.03358125728265371,0.017525149517126692,0.12470827415625463,-0.10052154891481546,0.0032930706069134175,-0.019079603626473762,-0.011023934727527163,False,False,False,False,False,False,False,False,False,True,False
2014-12-01,2.6200000000000045,6920.0,0.1735609345146826,14721.0,3.181663078972541,14721.0,3.181663078972541,,40084.0,3.263432814379641,15.468695652173912,15.448636363636364,13.5,12.94,17.37,13.46,11.74,55.77043636363636,18.788574210402853,63.26636363636364,-23.002454034394404,388.5,-7.915130960530092,-8.5434,5.3,42136.0,,0.7999999999999972,0.0,3.799999999999997,1.2999999999999972,105.17369795791988,-2.780020215639123,15.202928870292888,15.462264150943396,1545.4826723202025,715.0428184447292,830.4398538754731,3192.364814368,-1646.882142047798,102.62,100.8,100.0,103.8,101.3,14496.8804956593,7433.805827608199,7063.074668051102,14831.5759109634,-334.6954153040988,1.2800000000000011,0.8199999999999932,0.6500000000000057,0.0017356093451468269,0.03181663078972541,0.03181663078972541,0.03263432814379641,0.18788574210402853,-0.23002454034394404,0.2582480089426653,-0.07915130960530092,-0.02780020215639123,False,False,False,False,False,False,False,False,False,False,True
2015-01-01,3.8499999999999934,7172.0,3.576878611330692,15341.0,4.125393708676128,15341.0,4.125393708676128,-1.1084935077713354,42910.0,6.812764680735128,16.964666666666666,16.956,17.0,15.09,19.46,13.57,13.11,65.1530875,15.549577837060369,50.03454545454545,-23.4640131814182,376.3,-3.190647220831,-4.1174,5.5,30929.0,4.611825434496097,1.2999999999999972,-0.2999999999999971,2.5,4.0,100.96111856901736,-4.087777157199124,19.768957345971565,16.57123287671233,1324.18411648491,520.77731532118,803.4068011637299,1540.03892470051,-215.8548082156001,103.85,101.3,99.7,102.5,104.0,1324.18411648491,520.77731532118,803.4068011637299,1540.03892470051,-215.8548082156001,2.6200000000000045,1.2800000000000011,0.8199999999999932,0.035768786113306916,0.04125393708676128,0.04125393708676128,0.06812764680735128,0.1554957783706037,-0.23464013181418197,-0.30920822707692786,-0.03190647220831,-0.04087777157199124,False,False,False,False,False,False,False,False,False,False,False
2015-02-01,2.219999999999999,6700.0,-6.807702934596627,14955.0,-2.54832907807252,14955.0,-2.54832907807252,1.7538392211031706,45155.0,5.099611669932891,15.116315789473685,15.103684210526318,15.0,16.36,20.51,13.74,11.46,64.51817368421052,-0.9792746424929888,58.795,16.13431413241311,363.0,-3.598386333454151,-12.7268,5.8,31325.0,6.836600154193206,2.0999999999999943,3.0999999999999943,2.299999999999997,1.2000000000000028,98.71159167102944,-2.2533095041180395,27.421768707482997,18.07232704402516,954.7571174078696,525.5578015120499,429.1993158958197,1418.6603804517,-463.9032630438303,102.22,102.1,103.1,102.3,101.2,2278.94123389278,1046.33511683323,1232.6061170595497,2958.69930515221,-679.7580712594304,3.8499999999999934,2.6200000000000045,1.2800000000000011,-0.06807702934596627,-0.0254832907807252,-0.0254832907807252,0.05099611669932891,-0.009792746424929888,0.16134314132413108,0.01272224567797231,-0.03598386333454151,-0.022533095041180395,True,False,False,False,False,False,False,False,False,False,False
2015-03-01,1.2099999999999935,6672.0,-0.4187861340474441,14921.0,-0.2276075423626622,14921.0,-0.2276075423626622,-0.3345379809413629,43881.0,-2.861959112970247,14.902857142857142,14.825238095238095,14.428571428571429,16.45,21.83,13.05,11.08,60.36309,-6.656912122773306,56.93863636363637,-3.2082684366347536,360.8,-0.6079046076381545,0.2555,5.9,32642.0,3.6056800136067935,5.5,-3.799999999999997,0.5,-0.0999999999999943,95.71714879048167,-3.0804907400268533,27.087078651685392,15.659763313609467,1159.1384940639705,499.22144277752,659.9170512864505,1171.3214859700695,-12.182991906099232,101.21,105.5,96.2,100.5,99.9,3438.07972795675,1545.55655961075,1892.523168346,4130.02079112228,-691.9410631655296,2.219999999999999,3.8499999999999934,2.6200000000000045,-0.004187861340474441,-0.0022760754236266223,-0.0022760754236266223,-0.02861959112970247,-0.06656912122773306,-0.032082684366347536,0.0411833019463721,-0.006079046076381545,-0.03080490740026942,False,True,False,False,False,False,False,False,False,False,False
2015-04-01,0.4599999999999937,6541.0,-1.982960607736928,14750.0,-1.1526533872455502,14750.0,-1.1526533872455502,0.0474688918146171,43203.0,-1.5571487289705033,14.357727272727272,14.371818181818185,14.0,15.8,20.74,12.41,10.74,53.21869545454546,-12.596807249911413,60.84318181818182,6.632563124378166,353.5,-2.044030285184117,4.7824,5.8,34377.0,4.248752634990893,2.700000000000003,0.2999999999999971,0.2000000000000028,2.9000000000000057,94.59117637503756,-1.1833276902207146,27.6045197740113,13.967980295566502,1112.02497594838,472.9230322729402,639.10194367544,1326.7566441337904,-214.7316681854104,100.46,102.7,100.3,100.2,102.9,4550.10470390513,2018.47959188369,2531.62511202144,5456.77743525607,-906.67273135094,1.2099999999999935,2.219999999999999,3.8499999999999934,-0.019829606077369277,-0.011526533872455502,-0.011526533872455502,-0.015571487289705033,-0.12596807249911413,0.06632563124378166,0.05178793338391685,-0.020440302851841174,-0.011833276902206258,False,False,True,False,False,False,False,False,False,False,False
2015-05-01,0.3499999999999943,6620.0,1.2005310969840366,14754.0,0.0271149676281723,14754.0,0.0271149676281723,-0.1557685459385283,42717.0,-1.1312969816387408,12.828333333333331,12.794444444444444,12.578947368421051,16.25,20.48,11.67,10.29,50.46795789473684,-5.30711151642711,65.60857142857142,7.540658528259758,356.5,0.8450754517722814,3.9091,5.6,34380.0,6.327501874284813,-1.2000000000000028,2.0999999999999943,-1.5999999999999943,-0.2999999999999971,95.04528920544632,0.4789307763513939,27.91025641025641,14.32905982905983,810.6638915372405,452.8988587894999,357.7650327477404,847.6817042599296,-37.01781272268909,100.35,98.8,102.1,98.4,99.7,5360.7685954423705,2471.37845067319,2889.390144769181,6304.459139516,-943.6905440736292,0.4599999999999937,1.2099999999999935,2.219999999999999,0.012005310969840366,0.0002711496762817234,0.0002711496762817234,-0.011312969816387408,-0.0530711151642711,0.07540658528259758,8.726384228197048e-05,0.008450754517722814,0.004789307763513939,False,False,False,True,False,False,False,False,False,False,False
2015-06-01,0.1899999999999977,6577.0,-0.6516655629702939,14823.0,0.4665796069611261,14823.0,0.4665796069611261,0.8332534747031772,42841.0,0.2898620510546124,12.503333333333334,12.49904761904762,11.976190476190476,15.12,19.53,11.33,10.22,54.44904,7.592658060065327,63.75272727272727,-2.869438556328241,362.0,1.530997197142092,2.2958,5.4,35395.0,4.830151397815996,0.7000000000000028,0.4000000000000057,-2.200000000000003,0.4000000000000057,94.57184511458404,-0.4993695073133075,26.7887323943662,14.994845360824742,1260.1035307561997,504.6387862940801,755.4647444621196,1114.0693066391104,146.03422411708925,100.19,100.7,100.4,97.8,100.4,6620.87212619857,2976.01723696727,3644.8548892313,7418.52844615511,-797.6563199565398,0.3499999999999943,0.4599999999999937,1.2099999999999935,-0.006516655629702939,0.004665796069611261,0.004665796069611261,0.002898620510546124,0.07592658060065327,-0.02869438556328241,0.02909556727144924,0.015309971971420921,-0.004993695073133075,False,False,False,False,True,False,False,False,False,False,False
2015-07-01,0.7999999999999972,6660.0,1.2540770233083975,15024.0,1.3468893934184931,15024.0,1.3468893934184931,0.560674276123585,43720.0,2.031007533082452,11.524347826086956,11.491739130434782,11.5,14.87,19.29,11.72,9.52,57.17966956521739,4.893318965547699,56.76434782608696,-11.61035143362179,357.6,-1.2229168526411982,4.4566,5.3,33901.0,4.174299115529045,1.5,-0.0999999999999943,-0.7999999999999972,7.0,93.77001809995838,-0.8514642950312457,23.4459,13.9452,1175.17263750883,529.1074437751195,646.0651937337107,1420.140412462429,-244.96777495359856,100.8,101.5,99.9,99.2,107.0,7796.0447637074,3505.124680742389,4290.920082965011,8838.668858617539,-1042.6240949101384,0.1899999999999977,0.3499999999999943,0.4599999999999937,0.012540770233083975,0.013468893934184933,0.013468893934184933,0.020310075330824517,0.048933189655476994,-0.1161035143362179,-0.043126054749746956,-0.012229168526411982,-0.008514642950312457,False,False,False,False,False,True,False,False,False,False,False
2015-08-01,0.3499999999999943,6760.0,1.490340550257585,14964.0,-0.4001605980008094,14964.0,-0.4001605980008094,1.1628428796665702,44386.0,1.511844109219851,10.858095238095238,10.807619047619047,11.0,14.58,18.9,10.25,9.25,65.42299047619048,13.467532499689394,48.205714285714286,-16.34308818607595,366.4,2.4310589500615265,2.6791,5.3,32176.0,4.490816388974395,0.0999999999999943,1.7999999999999972,0.0999999999999943,0.9000000000000057,89.51407272541337,-4.644931838075816,23.22346368715,14.76112759644,1163.882491353129,528.0520683054301,635.8304230476988,1028.3318109480224,135.5506804051065,100.35,100.1,101.8,100.1,100.9,8959.92725506053,4033.17674904782,4926.75050601271,9867.00066956556,-907.073414505032,0.7999999999999972,0.1899999999999977,0.3499999999999943,0.01490340550257585,-0.004001605980008094,-0.004001605980008094,0.015118441092198509,0.13467532499689394,-0.1634308818607595,-0.05222367944610973,0.024310589500615265,-0.046449318380758164,False,False,False,False,False,False,True,False,False,False,False
2015-09-01,0.5699999999999932,6786.0,0.3838776307166114,15179.0,1.426557715882204,15179.0,1.426557715882204,2.636737874539285,46312.0,4.2477002376166695,11.146363636363636,11.097272727272726,11.0,14.19,18.45,10.94,9.28,66.78289545454545,2.0573258663048044,48.53954545454545,0.6901268231403801,368.5,0.5715078829416242,-1.0837,5.2,32911.0,3.0292260667531323,-1.0999999999999943,1.2000000000000028,1.2999999999999972,0.0999999999999943,88.88774888896701,-0.7021524825455039,26.48404255319149,16.007082152974505,1185.4470444633716,478.3964273144702,707.0506171489014,927.2819913924396,258.1650530709321,100.57,98.9,101.2,101.3,100.1,10145.3742995239,4511.57317636229,5633.801123161611,10794.282660958,-648.9083614340998,0.3499999999999943,0.7999999999999972,0.1899999999999977,0.003838776307166114,0.01426557715882204,0.01426557715882204,0.042477002376166695,0.020573258663048044,0.006901268231403801,0.022586115364251924,0.0057150788294162425,-0.007021524825455039,False,False,False,False,False,False,False,True,False,False,False
2015-10-01,0.7399999999999949,6745.0,-0.6060176702320064,14981.0,-1.313016210947637,14981.0,-1.313016210947637,1.574305926644115,46858.0,1.1720645067743618,11.14090909090909,11.162272727272727,11.0,14.39,18.27,10.86,8.87,63.24558695652174,-5.442163794987032,49.29272727272728,1.539771443699367,369.2,0.1897790999305648,-2.5027,5.5,33357.0,2.7906242757712363,1.7999999999999972,-0.0999999999999943,2.299999999999997,-5.5,90.25827727458106,1.5300982710892086,24.33514986376022,15.260416666666666,1191.8805148829997,459.49652196439,732.3839929186097,1189.3334023586997,2.547112524300246,100.74,101.8,99.9,102.3,94.5,11337.2548144069,4971.06969832668,6366.185116080221,11983.6160633167,-646.3612489097995,0.5699999999999932,0.3499999999999943,0.7999999999999972,-0.006060176702320064,-0.013130162109476373,-0.013130162109476373,0.011720645067743618,-0.054421637949870316,0.01539771443699367,0.013460696994673782,0.0018977909993056485,0.015300982710892086,False,False,False,False,False,False,False,False,True,False,False
2015-11-01,0.75,6787.0,0.6207528061901613,14789.0,-1.2899070350613329,14789.0,-1.2899070350613329,3.642524619848153,46649.0,-0.4470261008076903,11.425,11.4455,11.0,14.17,18.02,9.97,8.88,65.02956315789474,2.7816630576032786,45.93238095238095,-7.060621463005035,364.9,-1.1715159186294954,-3.4454,5.8,33347.0,2.431334005452612,-0.7000000000000028,0.0999999999999943,2.0999999999999943,0.2000000000000028,87.73350446922166,-2.837144654306289,22.23012048192771,15.84010152284264,838.8695156884005,439.9704182620808,398.8990974263197,1037.3509045688006,-198.4813888804001,100.75,99.3,100.1,102.1,100.2,12176.1243300953,5411.040116588761,6765.08421350654,13020.9669678855,-844.8426377901997,0.7399999999999949,0.5699999999999932,0.3499999999999943,0.006207528061901613,-0.012899070350613329,-0.012899070350613329,-0.004470261008076903,0.027816630576032786,-0.07060621463005035,-0.0002998320962728229,-0.011715159186294954,-0.028371446543062895,False,False,False,False,False,False,False,False,False,True,False
2015-12-01,0.769999999999996,6787.0,0.0,15250.0,3.0695841868789486,15250.0,3.0695841868789486,3.530445727754561,47497.0,1.8015060314944265,11.066521739130437,11.203636363636363,11.0,12.95,17.45,10.82,9.25,69.70484782608696,6.942788377823028,38.90409090909091,-16.607092586040253,370.2,1.4420056696994976,-9.8843,5.8,43408.0,2.9741273735487184,-2.200000000000003,-0.4000000000000057,1.4000000000000057,0.5999999999999943,87.00395903375735,-0.8350237663822035,23.3315649867374,16.443444730077122,1483.1186092752978,451.6110035741094,1031.5076057011884,2599.2856019879,-1116.1669927126022,100.77,97.8,99.6,101.4,100.6,13659.2429393706,5862.65112016287,7796.591819207729,15620.2525698734,-1961.0096305028017,0.75,0.7399999999999949,0.5699999999999932,0.0,0.030695841868789486,0.030695841868789486,0.018015060314944265,0.06942788377823028,-0.1660709258604025,0.26367594262362637,0.014420056696994976,-0.008350237663822035,False,False,False,False,False,False,False,False,False,False,True
2016-01-01,0.9599999999999936,7239.0,6.447405758938274,16516.0,7.975010497042234,16516.0,7.975010497042234,7.380062516120667,51370.0,7.838779332786139,11.017333333333331,11.061333333333332,11.0,13.67,18.11,10.14,9.41,77.934425,11.159789988127766,31.9255,-19.769434635001023,371.3,0.2966961043637361,-6.1036,5.8,32660.0,5.445683243815935,-1.4000000000000057,-0.0999999999999943,-0.0999999999999943,0.7000000000000028,84.93427699683282,-2.40758781484276,20.545454545454547,16.714285714285715,1094.04709621493,371.06208156232,722.98501465261,693.61130950912,400.43578670581,100.96,98.6,99.9,99.9,100.7,1094.04709621493,371.06208156232,722.98501465261,693.61130950912,400.43578670581,0.769999999999996,0.75,0.7399999999999949,0.06447405758938274,0.07975010497042234,0.07975010497042234,0.07838779332786139,0.11159789988127766,-0.19769434635001026,-0.2844926683742557,0.0029669610436373617,-0.0240758781484276,False,False,False,False,False,False,False,False,False,False,False
2016-02-01,0.6299999999999955,7055.0,-2.574649000622564,15907.0,-3.757034410761939,15907.0,-3.757034410761939,6.171357183431248,50773.0,-1.1689627251831425,10.8425,10.878,11.0,13.32,16.81,10.21,9.07,77.3284947368421,-0.7805254987977683,33.52714285714286,4.895028180670025,379.8,2.263443719515124,-11.3746,5.8,33873.0,7.82017360843632,-1.5999999999999943,2.9000000000000057,0.2999999999999971,-0.2000000000000028,86.08065456692162,1.3406954948266048,21.09,15.74,747.8919770375501,316.66489684074,431.2270801968101,1247.09649770415,-499.2045206665998,100.63,98.4,102.9,100.3,99.8,1841.93907325248,687.72697840306,1154.21209484942,1940.70780721327,-98.76873396078986,0.9599999999999936,0.769999999999996,0.75,-0.025746490006225642,-0.03757034410761939,-0.03757034410761939,-0.011689627251831425,-0.007805254987977683,0.04895028180670025,0.03646714932417616,0.022634437195151236,0.013406954948266048,True,False,False,False,False,False,False,False,False,False,False
2016-03-01,0.4599999999999937,7150.0,1.3375771401138437,16094.0,1.168726780771756,16094.0,1.168726780771756,7.567691506565666,51140.0,0.7202252635696738,10.94047619047619,10.932857142857143,11.0,13.78,17.54,9.54,8.86,70.41831904761905,-9.360906992379991,39.79,17.126027912905116,383.5,0.9694822429125338,2.2386,6.0,35501.0,8.396106237021073,3.0999999999999943,-4.099999999999994,0.0,-0.5,87.43465713713529,1.5607038258004025,18.92,14.74,1068.7449547600402,304.45413954338005,764.2908152166601,1608.63611285126,-539.8911580912197,100.46,103.1,95.9,100.0,99.5,2910.68402801252,992.18111794644,1918.50291006608,3549.34392006453,-638.6598920520096,0.6299999999999955,0.9599999999999936,0.769999999999996,0.013375771401138437,0.01168726780771756,0.01168726780771756,0.007202252635696738,-0.09360906992379991,0.17126027912905117,0.04694262823221962,0.009694822429125338,0.015607038258004025,False,True,False,False,False,False,False,False,False,False,False
2016-04-01,0.4399999999999977,7143.0,-0.0979500533080823,16402.0,1.8956746890276928,16402.0,1.8956746890276928,10.61601958283891,50050.0,-2.1544464101811656,10.732857142857142,10.712380952380952,11.0,13.88,17.49,10.07,8.99,66.68263636363636,-5.450884841082004,43.33952380952381,8.5449384288383,390.1,1.7063495705300191,4.6624,5.9,36497.0,5.984232931727362,2.5999999999999943,0.9000000000000057,0.0,8.900000000000006,89.10282728262055,1.889932672814254,18.5355,14.5987,999.4256651892096,326.32111457144015,673.1045506177695,1496.49966235789,-497.0739971686803,100.44,102.6,100.9,100.0,108.9,3910.10969320173,1318.5022325178802,2591.6074606838497,5045.84358242242,-1135.73388922069,0.4599999999999937,0.6299999999999955,0.9599999999999936,-0.0009795005330808237,0.018956746890276932,0.018956746890276932,-0.021544464101811656,-0.05450884841082004,0.085449384288383,0.02766920033097975,0.01706349570530019,0.01889932672814254,False,False,True,False,False,False,False,False,False,False,False
2016-05-01,0.4099999999999966,7302.0,2.201542706060877,16310.0,-0.5624861981296192,16310.0,-0.5624861981296192,10.026418417081118,49673.0,-0.7560979834929427,11.06315789473684,11.062105263157894,11.0,13.97,17.62,9.99,8.74,65.83865555555556,-1.2737458360808418,47.64681818181818,9.475084436524384,389.0,-0.2823772894164911,2.3443,5.6,37270.0,8.071371353646306,1.0,1.7999999999999972,-2.299999999999997,0.0999999999999943,90.58938804539098,1.654601090655028,18.5,13.6,735.593847120671,364.3821737072399,371.2116734134311,993.4314436507302,-257.8375965300593,100.41,101.0,101.8,97.7,100.1,4645.703540322401,1682.88440622512,2962.8191340972808,6039.27502607315,-1393.5714857507492,0.4399999999999977,0.4599999999999937,0.6299999999999955,0.022015427060608772,-0.005624861981296192,-0.005624861981296192,-0.007560979834929427,-0.012737458360808418,0.09475084436524384,0.020958648061471408,-0.002823772894164911,0.01654601090655028,False,False,False,True,False,False,False,False,False,False,False
2016-06-01,0.3599999999999994,7297.0,-0.0684978449960738,16736.0,2.57836712495898,16736.0,2.57836712495898,12.138205935078972,50343.0,1.339805676083472,10.639047619047618,10.554285714285712,10.69047619047619,13.67,17.41,9.85,8.66,65.21926666666667,-0.9452209983958682,49.92727272727273,4.675154800298165,395.1,1.555955379889884,2.6344,5.4,38447.0,8.271010227449338,2.700000000000003,0.9000000000000057,-1.0999999999999943,0.0,93.76406557022123,3.4444609898871548,19.2315,14.1881,1223.0452576523685,425.3529151642997,797.6923424880688,1258.6737183914092,-35.62846073904075,100.36,102.7,100.9,98.9,100.0,5868.748797974769,2108.23732138942,3760.5114765853496,7297.948744464559,-1429.19994648979,0.4099999999999966,0.4399999999999977,0.4599999999999937,-0.0006849784499607381,0.0257836712495898,0.0257836712495898,0.01339805676083472,-0.009452209983958682,0.04675154800298165,0.03109195600947956,0.01555955379889884,0.03444460989887155,False,False,False,False,True,False,False,False,False,False,False
2016-07-01,0.5400000000000063,7373.0,1.0361374224029165,16850.0,0.6788568915858662,16850.0,0.6788568915858662,11.470173433246345,49963.0,-0.7576851194139422,10.37904761904762,10.275714285714283,10.5,12.97,17.31,10.42,8.33,64.33796818181818,-1.3604984384596008,46.53476190476191,-7.036779994745057,394.5,-0.1519757131415389,4.2203,5.3,35888.0,5.695846530144699,0.0999999999999943,1.2999999999999972,0.2999999999999971,2.299999999999997,92.9848885251337,-0.8344695372325184,18.5801,14.2875,1101.5624866037706,445.3137442748703,656.2487423289003,1114.3137009347602,-12.75121433098957,100.54,100.1,101.3,100.3,102.3,6970.31128457854,2553.55106566429,4416.76021891425,8412.26244539932,-1441.9511608207797,0.3599999999999994,0.4099999999999966,0.4399999999999977,0.010361374224029163,0.0067885689158586615,0.0067885689158586615,-0.007576851194139422,-0.013604984384596008,-0.07036779994745057,-0.06887769172279334,-0.001519757131415389,-0.008344695372325184,False,False,False,False,False,True,False,False,False,False,False
2016-08-01,0.0100000000000051,7462.0,1.1998795791454242,16647.0,-1.2120636786496777,16647.0,-1.2120636786496777,10.658270352597476,50192.0,0.4572919955327492,10.339565217391304,10.291304347826086,10.5,12.98,16.87,9.42,8.1,64.93652727272728,0.9260347390304348,47.15913043478261,1.3328035733340735,396.9,0.6065219503089914,4.0446,5.2,35405.0,9.56322200734423,-1.4000000000000057,1.5999999999999943,-0.2000000000000028,0.0999999999999943,95.30428384200113,2.46377697992326,16.5388,12.5623,1173.6680098791103,440.10366221476033,733.56434766435,1176.275808523982,-2.607798644871764,100.01,98.6,101.6,99.8,100.1,8143.97929445765,2993.6547278790504,5150.3245665786,9588.5382539233,-1444.5589594656512,0.5400000000000063,0.3599999999999994,0.4099999999999966,0.011998795791454242,-0.012120636786496775,-0.012120636786496775,0.004572919955327492,0.009260347390304347,0.013328035733340737,-0.013549924674114422,0.006065219503089914,0.0246377697992326,False,False,False,False,False,False,True,False,False,False,False
2016-09-01,0.1700000000000017,7439.0,-0.3087043589761862,16697.0,0.2999042554945319,16697.0,0.2999042554945319,9.531616892209804,49732.0,-0.9207062357631912,10.238636363636363,10.239090909090908,10.272727272727272,12.76,16.61,10.96,8.09,64.55720454545454,-0.5858566386151232,47.24045454545455,0.1722976447565916,397.7,0.2013592424625621,4.114,5.2,35843.0,8.534134156622741,0.7000000000000028,1.0,1.0,0.0,96.10734025848848,0.8390933748563256,17.3835,14.2065,1151.4484895922697,425.7555913389592,725.69289825331,1216.3595558196994,-64.91106622742973,100.17,100.7,101.0,101.0,100.0,9295.42778404992,3419.4103192180096,5876.01746483191,10804.897809743,-1509.470025693081,0.0100000000000051,0.5400000000000063,0.3599999999999994,-0.003087043589761862,0.0029990425549453192,0.0029990425549453192,-0.009207062357631912,-0.005858566386151232,0.001722976447565916,0.01229523685703704,0.002013592424625621,0.008390933748563256,False,False,False,False,False,False,False,True,False,False,False
2016-10-01,0.4300000000000068,7412.0,-0.3636122786092599,16524.0,-1.0415193032301318,16524.0,-1.0415193032301318,9.80311379992731,49544.0,-0.3787425454930826,10.323333333333332,10.322380952380954,10.0,11.9,16.45,9.89,7.65,62.62000476190476,-3.0466930980104223,51.387619047619054,8.414665555734091,391.0,-1.6990392228279028,1.3105,5.4,35749.0,6.925465133159925,0.2999999999999971,0.7999999999999972,1.5999999999999943,-5.5,95.91110544723004,-0.2043916966966819,15.0854,12.3462,1146.166153050679,434.1856066161204,711.9805464345591,1151.667534397,-5.501381346321068,100.43,100.3,100.8,101.6,94.5,10441.5939371006,3853.59592583413,6587.998011266469,11956.56534414,-1514.971407039402,0.1700000000000017,0.0100000000000051,0.5400000000000063,-0.0036361227860925993,-0.010415193032301318,-0.010415193032301318,-0.003787425454930826,-0.030466930980104223,0.08414665555734091,-0.002625993239954383,-0.016990392228279028,-0.002043916966966819,False,False,False,False,False,False,False,False,True,False,False
2016-11-01,0.4399999999999977,7339.0,-0.9897714860187534,16494.0,-0.1817191123354433,16494.0,-0.1817191123354433,10.9113017226532,49167.0,-0.7638496885959967,10.017142857142856,9.995238095238095,10.0,11.82,15.98,8.7,7.4,64.3137380952381,2.668847270414876,47.07863636363636,-8.757795115245814,385.7,-1.3647694771183438,-1.4784,5.4,36195.0,8.195317445215622,0.7000000000000028,-0.2999999999999971,0.7000000000000028,0.2999999999999971,95.9515213878803,0.0421300822518233,17.198925,13.677378,995.2341512003022,496.4448735733495,498.7892776269528,1213.8378228469992,-218.60367164669697,100.44,100.7,99.7,100.7,100.3,11436.8280883009,4350.040799407479,7086.787288893422,13170.403166987,-1733.575078686099,0.4300000000000068,0.1700000000000017,0.0100000000000051,-0.009897714860187534,-0.0018171911233544336,-0.0018171911233544336,-0.007638496885959967,0.026688472704148758,-0.08757795115245814,0.012398691024284147,-0.013647694771183438,0.00042130082251823353,False,False,False,False,False,False,False,False,False,True,False
2016-12-01,0.4000000000000057,7317.0,-0.3002185661031831,16584.0,0.5441696722314759,16584.0,0.5441696722314759,8.385887208005727,49854.0,1.387606716109957,10.160454545454543,10.18047619047619,10.0,11.7,15.48,9.15,7.57,62.09129130434783,-3.516752218648289,54.92727272727273,15.4190678420417,376.3,-2.467316761479044,-5.0891,5.3,47554.0,9.122215151363555,0.5999999999999943,-0.2000000000000028,1.5999999999999943,-0.2000000000000028,95.27143549138606,-0.7113045159705678,14.7529,12.3526,2023.212602213198,493.98773820259066,1529.224864010608,3246.043672196598,-1222.8310699834,100.4,100.6,99.8,101.6,99.8,13460.0406905141,4844.02853761007,8616.01215290403,16416.446839183598,-2956.406148669499,0.4399999999999977,0.4300000000000068,0.1700000000000017,-0.003002185661031831,0.005441696722314759,0.005441696722314759,0.01387606716109957,-0.03516752218648289,0.154190678420417,0.2729449196851057,-0.024673167614790437,-0.007113045159705678,False,False,False,False,False,False,False,False,False,False,True
2017-01-01,0.6200000000000045,7715.0,5.296607791323105,17642.0,6.184404770309726,17642.0,6.184404770309726,6.595281481273219,50895.0,2.066595299340257,10.114117647058825,10.122941176470588,10.0,12.46,16.23,8.97,7.84,59.62985625,-4.044935002759686,55.5,1.0373024598187008,392.5,4.214983962307084,-1.5703,5.6,34422.0,5.254480730546973,,-0.4000000000000057,0.0,0.2000000000000028,97.7959691292804,2.6153327527285164,13.9828,11.4855,1265.9929735952,485.13101045686,780.8619631383401,1230.4772347828798,35.51573881232025,100.62,,99.6,100.0,100.2,1265.9929735952,485.13101045686,780.8619631383401,1230.4772347828798,35.51573881232025,0.4000000000000057,0.4399999999999977,0.4300000000000068,0.05296607791323105,0.06184404770309726,0.06184404770309726,0.02066595299340257,-0.040449350027596864,0.010373024598187008,-0.3231700125824215,0.04214983962307084,0.026153327527285164,False,False,False,False,False,False,False,False,False,False,False
2017-02-01,0.2199999999999988,7544.0,-2.2413940483968275,17326.0,-1.8074159368627107,17326.0,-1.8074159368627107,8.544899955172447,51216.0,0.6287296323204572,10.14111111111111,10.160555555555556,10.0,11.67,16.0,8.53,7.3,58.53936111111111,-1.845702494382984,56.04583333333333,0.9786787614201486,393.0,0.1273074646798377,-6.3118,5.6,35497.0,4.682994900169923,,3.299999999999997,-0.2000000000000028,0.0999999999999943,98.12457289415924,0.3354462677749303,15.0564,12.8791,1024.89543352495,529.77082068908,495.1246128358701,1141.3679080554402,-116.47247453049022,100.22,,103.3,99.8,100.1,2290.88840712015,1014.90183114594,1275.9865759742102,2371.84514283832,-80.95673571816997,0.6200000000000045,0.4000000000000057,0.4399999999999977,-0.022413940483968275,-0.018074159368627107,-0.018074159368627107,0.006287296323204572,-0.018457024943829836,0.009786787614201486,0.030752291020405664,0.0012730746467983778,0.0033544626777493036,True,False,False,False,False,False,False,False,False,False,False
2017-03-01,0.1299999999999954,7587.0,0.5683711024781601,17497.0,0.9821174194534876,17497.0,0.9821174194534876,8.358290593854178,51125.0,-0.1778368864540525,9.897727272727272,9.890454545454546,9.943181818181818,11.45,15.66,8.95,7.16,58.006631818181816,-0.9142021786270328,52.57346153846154,-6.395834943209744,397.9,1.2391105563621885,2.6607,5.4,37899.0,6.536386141729444,,-4.700000000000003,-0.5,0.0,96.15850703498418,-2.023987859825116,14.037473233404713,11.16206896551724,1342.39223869522,502.96337764143993,839.4288610537801,1534.84015459698,-192.4479159017601,100.13,,95.3,99.5,100.0,3633.28064581537,1517.86520878738,2115.4154370279903,3906.6852974353,-273.40465161993006,0.2199999999999988,0.6200000000000045,0.4000000000000057,0.005683711024781601,0.009821174194534876,0.009821174194534876,-0.001778368864540525,-0.009142021786270327,-0.06395834943209788,0.06547654064781483,0.012391105563621885,-0.02023987859825116,False,True,False,False,False,False,False,False,False,False,False
2017-04-01,0.3299999999999983,7610.0,0.3026915517656547,17306.0,-1.0976175477935612,17306.0,-1.0976175477935612,5.364998357032924,50669.0,-0.8959330613610206,9.5765,9.5495,9.75,11.31,15.42,8.71,7.13,56.43561428571428,-2.7456927518440644,53.98500000000001,2.6494771264611305,401.1,0.8010055343124378,9.3463,5.3,39225.0,7.208423318940227,,1.5,-0.0999999999999943,6.799999999999997,95.03573687979927,-1.174494627830569,13.8241,10.959,1130.44072275317,456.3081655939602,674.1325571592097,1371.26141977819,-240.82069702501985,100.33,,101.5,99.9,106.8,4763.72136856854,1974.17337438134,2789.5479941872,5277.94671721349,-514.2253486449499,0.1299999999999954,0.2199999999999988,0.6200000000000045,0.0030269155176565476,-0.010976175477935612,-0.010976175477935612,-0.008959330613610206,-0.027456927518440644,0.02649477126461175,0.03438957210308757,0.008010055343124378,-0.01174494627830569,False,False,True,False,False,False,False,False,False,False,False
2017-05-01,0.3700000000000045,7775.0,2.145028619170297,17288.0,-0.1040642979962314,17288.0,-0.1040642979962314,5.823420257166312,50860.0,0.3762476244617119,9.1345,9.119,9.25,10.99,15.32,10.51,6.98,56.95006842105264,0.9074473131438944,51.48821538461539,-4.735327619761298,406.1,1.2388661916244992,3.3918,5.2,39679.0,6.2633366995036965,,2.0999999999999943,-2.5,0.0,97.3409511550804,2.3966777283972007,12.1231,10.2704,1066.8258437816394,465.82977037659975,600.9960734050396,1114.5739638967998,-47.74812011516042,100.37,,102.1,97.5,100.0,5830.54721235018,2440.00314475794,3390.54406759224,6392.52068111029,-561.9734687601103,0.3299999999999983,0.1299999999999954,0.2199999999999988,0.021450286191702972,-0.001040642979962314,-0.001040642979962314,0.003762476244617119,0.009074473131438943,-0.04735327619761298,0.011507781867106104,0.012388661916244992,0.023966777283972007,False,False,False,True,False,False,False,False,False,False,False
2017-06-01,0.6099999999999994,7813.0,0.4875554949309801,17686.0,2.276074694895769,17686.0,2.276074694895769,5.521127827103101,51417.0,1.0892097084571617,9.10904761904762,9.107619047619048,9.13095238095238,10.36,15.08,7.98,6.73,57.89317619047618,1.642463123103166,47.65411538461539,-7.738396069227571,412.2,1.4909233764106131,6.1994,5.1,41454.0,7.530370923406693,,0.5,-2.0,0.2000000000000028,97.76181328483096,0.4314267752663525,12.44,10.3398,1291.4732880668707,448.5666050967602,842.9066829701101,1137.3396365445597,154.13365152231108,100.61,,100.5,98.0,100.2,7122.02050041705,2888.5697498547,4233.45075056235,7529.8603176548495,-407.83981723779925,0.3700000000000045,0.3299999999999983,0.1299999999999954,0.004875554949309802,0.02276074694895769,0.02276074694895769,0.010892097084571617,0.01642463123103166,-0.07738396069227571,0.043762298248509524,0.014909233764106133,0.004314267752663525,False,False,False,False,True,False,False,False,False,False,False
2017-07-01,0.0699999999999931,7947.0,1.7005485943435872,18041.0,1.9873579317122747,18041.0,1.9873579317122747,6.829628867229509,52128.0,1.3733375341089982,8.947619047619048,8.934761904761904,9.0,9.98,14.94,8.05,6.87,59.69267619047619,3.060981344996083,49.143968,3.078511940455142,418.9,1.612355949663069,6.595,5.1,38073.0,5.91023917182838,,1.0999999999999943,-1.2000000000000028,6.799999999999997,100.02280692520344,2.286418565409853,11.9,10.6924,1249.146985661219,415.9961501452999,833.1508355159203,1263.1185777125102,-13.971592051290829,100.07,,101.1,98.8,106.8,8371.16748607827,3304.5659,5066.60158607827,8792.97889536736,-421.8114092890901,0.6099999999999994,0.3700000000000045,0.3299999999999983,0.017005485943435872,0.019873579317122747,0.019873579317122747,0.013733375341089982,0.030609813449960832,0.03078511940455142,-0.08507900923857648,0.01612355949663069,0.022864185654098534,False,False,False,False,False,True,False,False,False,False,False
2017-08-01,-0.5400000000000063,8034.0,1.0888036979046944,18058.0,0.0941854414621801,18058.0,0.0941854414621801,8.135877987341367,51940.0,-0.3613026185032453,8.536521739130436,8.495652173913044,9.0,10.42,14.5,9.08,6.89,59.61272608695652,-0.134025976965546,51.99286071428571,5.635230248593892,420.5,0.3812251460013627,5.5647,4.9,37099.0,4.673696196848276,,1.5,-0.7999999999999972,0.0,99.2355156422629,-0.7902258432211262,11.3049,9.527,1236.7447341392308,449.36293631694025,787.3817978222905,1209.2420247826412,27.50270935658955,99.46,,101.5,99.2,100.0,9607.9122202175,3753.92883631694,5853.9833839005605,10002.22092015,-394.3086999325005,0.0699999999999931,0.6099999999999994,0.3700000000000045,0.010888036979046944,0.0009418544146218011,0.0009418544146218011,-0.003613026185032453,-0.0013402597696554608,0.05635230248593892,-0.02591535442391546,0.003812251460013627,-0.007902258432211262,False,False,False,False,False,False,True,False,False,False,False
2017-09-01,-0.1500000000000056,8067.0,0.4099130017747754,18077.0,0.1051612107429988,18077.0,0.1051612107429988,7.941134942589834,51864.0,-0.1464298361907978,8.373809523809523,8.335714285714285,8.761904761904763,10.2,14.01,8.35,6.78,57.744690909090906,-3.183766336127647,55.505184,6.537000659607584,424.0,0.8288975818954825,5.29,5.0,38047.0,5.967394761179001,,0.5,-0.4000000000000057,0.0999999999999943,99.69022019423026,0.4571609017647304,11.229,9.5559,1363.5577276915992,492.2711636830595,871.2865640085392,1189.0129454435992,174.54478224800005,99.85,,100.5,99.6,100.1,10971.4699479091,4246.2,6725.2699479091,11191.2338655936,-219.76391768450048,-0.5400000000000063,0.0699999999999931,0.6099999999999994,0.004099130017747754,0.001051612107429989,0.001051612107429989,-0.0014642983619079786,-0.03183766336127647,0.06537000659607584,0.025232222500344292,0.008288975818954825,0.0045716090176473045,False,False,False,False,False,False,False,True,False,False,False
2017-10-01,0.2000000000000028,8089.0,0.272344808097813,18009.0,-0.3768779054901472,18009.0,-0.3768779054901472,8.605776340329818,51855.0,-0.0173545830996602,8.043181818181818,8.034545454545453,8.477272727272727,9.82,13.66,7.32,6.28,57.69805238095238,-0.0807994150982871,57.701800000000006,3.881194707224722,425.5,0.3531492781471357,1.716,5.0,38333.0,6.978884728433776,,0.4000000000000057,-0.2999999999999971,-5.799999999999997,98.84875236936352,-0.8476651737824525,11.2321,9.85,1312.1302466282011,518.6756772259696,793.4545694022318,1352.4884767408005,-40.3582301125989,100.2,,100.4,99.7,94.2,12283.6001945373,4764.875677225969,7518.7245173113315,12543.7223423344,-260.1221477970994,-0.1500000000000056,-0.5400000000000063,0.0699999999999931,0.0027234480809781303,-0.003768779054901472,-0.003768779054901472,-0.00017354583099660204,-0.0008079941509828714,0.03881194707224722,0.007488906432593367,0.003531492781471357,-0.008476651737824525,False,False,False,False,False,False,False,False,True,False,False
2017-11-01,0.2199999999999988,8071.0,-0.222772369358104,18138.0,0.713755208755984,18138.0,0.713755208755984,9.501250661421246,51837.0,-0.0347182042602867,8.014285714285714,7.987142857142857,8.25,9.74,13.38,7.13,6.94,58.92655238095238,2.106837479141088,62.91373076923077,8.647606623372717,430.2,1.0985268820200569,1.0642,5.1,38848.0,7.073560769192788,,-1.2000000000000028,0.0,0.5,98.8018433404309,-0.0474666212311625,10.3724,8.6866,1135.1349083117984,569.8967632714503,565.2381450403482,1373.979246372599,-238.8443380608005,100.22,,98.8,100.0,100.5,13418.7351028491,5334.77244049742,8083.96266235168,13917.701588707,-498.9664858578999,0.2000000000000028,-0.1500000000000056,-0.5400000000000063,-0.0022277236935810407,0.00713755208755984,0.00713755208755984,-0.0003471820426028671,0.021068374791410882,0.08647606623372717,0.013345451431874267,0.010985268820200567,-0.0004746662123116252,False,False,False,False,False,False,False,False,False,True,False
2017-12-01,0.4200000000000017,8073.0,0.0247770070643582,18368.0,1.2600835111779674,18368.0,1.2600835111779674,10.217164500367735,52587.0,1.4364760909424843,7.729523809523809,7.782500000000001,8.011904761904763,9.41,12.92,7.52,6.39,58.57385454545455,-0.6003364652152676,63.970529166666665,1.6658060432793498,432.1,0.4406826104258243,-3.6623,5.1,51197.0,7.38150291485713,,0.4000000000000057,0.0999999999999943,0.5,96.37387030892756,-2.4881151883747066,10.0468,8.7425,1670.179740414511,637.1292604929204,1033.0504799215903,2502.601494033099,-832.4217536185879,100.42,,100.4,100.1,100.5,15088.91484326361,5971.90170099034,9117.01314227327,16420.303082740098,-1331.3882394764878,0.2199999999999988,0.2000000000000028,-0.1500000000000056,0.0002477700706435826,0.012600835111779674,0.012600835111779674,0.014364760909424845,-0.006003364652152676,0.016658060432793498,0.2760243411417491,0.0044068261042582435,-0.024881151883747066,False,False,False,False,False,False,False,False,False,False,True
2018-01-01,0.3100000000000023,8446.0,4.5167796098873225,19509.0,6.026587741796874,19509.0,6.026587741796874,10.059347471854885,54667.0,3.8791295789954106,7.087647058823529,7.079411764705882,7.75,8.61,13.52,6.65,6.66,56.4981,-3.608141958566336,68.99719999999999,7.564342852918671,452.8,4.679348395108551,-0.9767,5.2,39017.0,12.530155374206586,,0.0999999999999943,-0.7999999999999972,-5.700000000000003,96.68358420588706,0.3208518038694485,9.9155,8.8793,1304.478850226,661.3447869293501,643.13406329665,1113.3644494866398,191.11440073936024,100.31,,100.1,99.2,94.3,1304.478850226,661.3447869293501,643.13406329665,1113.3644494866398,191.11440073936024,0.4200000000000017,0.2199999999999988,0.2000000000000028,0.045167796098873225,0.06026587741796874,0.06026587741796874,0.038791295789954106,-0.036081419585663355,0.07564342852918671,-0.27168348798892694,0.04679348395108551,0.0032085180386944856,False,False,False,False,False,False,False,False,False,False,False
2018-02-01,0.2099999999999937,8163.0,-3.4081208042533007,18865.0,-3.356754413885099,18865.0,-3.356754413885099,8.510008994832496,54173.0,-0.907760735483798,7.145263157894736,7.162105263157895,7.592105263157895,9.23,13.42,6.38,6.37,56.80670526315789,0.5447359899046766,65.80587307692308,-4.735683322739526,450.9,-0.420494146193473,-4.8372,5.0,40443.0,13.04453895088411,,0.2999999999999971,-0.0999999999999943,1.5,97.750691441399,1.0976644383221767,9.4328,8.4402,1230.2683794776497,628.2128045599699,602.0555749176798,1194.1968414833905,36.07153799425919,100.21,,100.3,99.9,101.5,2534.7472297036497,1289.55759148932,1245.1896382143298,2307.5612909700303,227.18593873361945,0.3100000000000023,0.4200000000000017,0.2199999999999988,-0.03408120804253301,-0.03356754413885099,-0.03356754413885099,-0.00907760735483798,0.005447359899046766,-0.047356833227395256,0.035896126787180904,-0.00420494146193473,0.010976644383221767,True,False,False,False,False,False,False,False,False,False,False
2018-03-01,0.2900000000000062,8300.0,1.6643766333334753,19250.0,2.0202707317519497,19250.0,2.0202707317519497,9.548162307130958,54050.0,-0.2273085258419627,7.1465000000000005,7.154999999999999,7.4375,9.22,13.39,6.3,6.21,57.06360476190476,0.4512149559480427,66.6582,1.2868978978403334,457.7,1.4968362232557375,4.4791,5.0,42364.0,11.137421846541251,,0.5,-0.7999999999999972,0.0999999999999943,98.84703321254662,1.1153263732155416,9.2176,8.4687,1541.57857885988,570.0951944575099,971.4833844023703,1423.23870902997,118.3398698299102,100.29,,100.5,99.2,100.1,4076.32580856353,1859.65278594683,2216.6730226167,3730.8,345.5258085635296,0.2099999999999937,0.3100000000000023,0.4200000000000017,0.016643766333334753,0.020202707317519497,0.020202707317519497,-0.002273085258419627,0.004512149559480427,0.012868978978403334,0.04640536960438624,0.014968362232557375,0.011153263732155416,False,True,False,False,False,False,False,False,False,False,False
2018-04-01,0.3799999999999954,8442.0,1.696373255775363,19347.0,0.5026307962557652,19347.0,0.5026307962557652,11.148410651180283,54726.0,1.24293723408595,7.002857142857143,7.007142857142857,7.25,8.51,13.25,5.67,5.84,60.76989047619048,6.292792515102264,71.57391153846154,7.11525737672023,460.4,0.5881729188131679,8.8228,4.9,43381.0,10.070725861167595,,0.4000000000000057,0.7000000000000028,5.400000000000006,98.3845973813248,-0.4689275013503469,8.2918,7.8145,1452.669220119411,630.6721436924397,821.997076426971,1615.8000000000002,-163.13077988058922,100.38,,100.4,100.7,105.4,5528.995028682941,2490.3249296392696,3038.670099043671,5346.6,182.3950286829404,0.2900000000000062,0.2099999999999937,0.3100000000000023,0.01696373255775363,0.005026307962557652,0.005026307962557652,0.012429372340859501,0.06292792515102263,0.0711525737672023,0.023722612249351016,0.005881729188131679,-0.004689275013503469,False,False,True,False,False,False,False,False,False,False,False
2018-05-01,0.3799999999999954,8711.0,3.136734747644887,19760.0,2.112232362337174,19760.0,2.112232362337174,13.36470731151369,56223.0,2.69870094215765,6.9455,6.949,7.25,8.61,13.2,6.28,5.98,62.2309,2.3757217076533443,76.98611481481483,7.289443493052783,457.2,-0.6974744927072507,5.2921,4.7,44076.0,10.509333613932805,,0.4000000000000057,-0.5999999999999943,0.2000000000000028,98.5224294634908,0.1399971416828016,9.1921,8.5564,1385.8700567849091,684.5449715902505,701.3250851946586,1107.139371255459,278.73068552945006,100.38,,100.4,99.4,100.2,6914.86508546785,3174.86990122952,3739.99518423833,6453.739371255459,461.1257142123905,0.3799999999999954,0.2900000000000062,0.2099999999999937,0.03136734747644887,0.02112232362337174,0.02112232362337174,0.026987009421576502,0.023757217076533443,0.07289443493052783,0.01589385939475818,-0.006974744927072507,0.0013999714168280164,False,False,False,True,False,False,False,False,False,False,False
2018-06-01,0.4899999999999949,8771.0,0.6864230132489268,20078.0,1.596499594961287,20078.0,1.596499594961287,12.685132211579209,56649.0,0.7548409219898744,7.0215000000000005,6.9975,7.25,8.45,13.0,5.99,5.69,62.768504761904765,0.8601770188046309,75.81452727272728,-1.5335151552673842,455.5,-0.3725215220642397,5.9878,4.7,45848.0,10.074719851472302,,0.5,0.2000000000000028,0.0999999999999943,96.83157564990024,-1.731109672226605,10.5779,9.8368,1711.8770145321496,760.17499386898,951.7020206631696,1297.598470952401,414.2785435797487,100.49,,100.5,100.2,100.1,8626.7421,3935.0448950985,4691.697204901499,7751.33784220786,875.4042577921391,0.3799999999999954,0.3799999999999954,0.2900000000000062,0.0068642301324892685,0.01596499594961287,0.01596499594961287,0.007548409219898744,0.00860177018804631,-0.015335151552673842,0.03941616062390452,-0.003725215220642397,-0.01731109672226605,False,False,False,False,True,False,False,False,False,False,False
2018-07-01,0.269999999999996,8946.0,1.9755680041411596,20604.0,2.5860543434003347,20604.0,2.5860543434003347,13.283828623267269,57208.0,0.9819413678544108,7.089545454545455,7.083181818181817,7.25,8.61,12.94,6.3,5.73,62.86194761904761,0.1487583187095076,75.15690384615385,-0.8711947433424072,459.5,0.8743225095728668,5.4934,4.7,42413.0,10.794954952202929,,0.7000000000000028,0.7000000000000028,3.700000000000003,95.0089498482682,-1.900203973067338,10.2548,9.6818,1869.4160534296009,749.219585329879,1120.1964680997216,1363.2443674390197,506.17168599058095,100.27,,100.7,100.7,103.7,10496.1581534296,4684.264480428379,5811.893673001221,9114.58220964688,1381.57594378272,0.4899999999999949,0.3799999999999954,0.3799999999999954,0.019755680041411594,0.025860543434003347,0.025860543434003347,0.009819413678544109,0.0014875831870950762,-0.008711947433424072,-0.07787665823127021,0.008743225095728668,-0.01900203973067338,False,False,False,False,False,True,False,False,False,False,False
2018-08-01,0.0100000000000051,9052.0,1.17792227606337,20671.0,0.3246520113760809,20671.0,0.3246520113760809,13.51429519318117,56826.0,-0.6699781274075889,7.027826086956521,7.0343478260869565,7.25,9.05,12.87,7.18,5.7,66.07640869565218,4.987076558014802,73.81058,-1.807589776147012,460.6,0.2391045590843354,5.2114,4.6,41364.0,10.882092225050854,,0.5,0.9000000000000057,0.2000000000000028,95.84250196663218,0.8735143595949957,10.3783,9.9011,1726.240621565301,817.5414552967313,908.6991662685696,1146.4748876223805,579.7657339429206,100.01,,100.5,100.9,100.2,12222.3987749949,5501.80593572511,6720.592839269791,10261.05709726926,1961.3416777256407,0.269999999999996,0.4899999999999949,0.3799999999999954,0.0117792227606337,0.003246520113760809,0.003246520113760809,-0.006699781274075889,0.049870765580148024,-0.018075897761470117,-0.0250439816954362,0.0023910455908433548,0.008735143595949957,False,False,False,False,False,False,True,False,False,False,False
2018-09-01,0.1599999999999966,9149.0,1.0658855926108046,20597.0,-0.35863176947597,20597.0,-0.35863176947597,13.0505022129622,57981.0,2.012140319942013,7.148999999999999,7.1275,7.375,9.24,12.5,6.09,6.02,67.66609523809524,2.37734656710673,78.95199583333333,6.733793833011692,461.1,0.1084951826075375,3.9649,4.5,41774.0,9.345189886056104,,0.7000000000000028,3.5999999999999943,0.0999999999999943,94.016746664417,-1.9233317281703852,10.1963,10.0697,1763.7494329921992,800.2767084651996,963.4727245269996,1109.1493840020412,654.600048990158,100.16,,100.7,103.6,100.1,13986.1482079871,6302.08264419031,7684.06556379679,11370.206481271302,2615.9417267157987,0.0100000000000051,0.269999999999996,0.4899999999999949,0.010658855926108046,-0.0035863176947596997,-0.0035863176947596997,0.02012140319942013,0.023773465671067306,0.06733793833011692,0.009863199110396792,0.0010849518260753754,-0.019233317281703854,False,False,False,False,False,False,False,True,False,False,False
2018-10-01,0.3499999999999943,9138.0,-0.1203040556317702,20575.0,-0.1068687559206083,20575.0,-0.1068687559206083,13.32051136253174,57613.0,-0.6367133990309526,7.267391304347826,7.260869565217392,7.5,9.16,12.5,6.03,6.56,65.85452727272728,-2.713706846051433,80.51425925925926,1.9594282298575292,460.7,-0.0867867270788913,-0.0049,4.7,42332.0,9.923215722631973,,0.7000000000000028,2.299999999999997,-5.200000000000003,93.16323002936052,-0.9119806143448984,10.143,9.3386,1816.2010867048996,919.9754597608098,896.2256269440895,1349.9216552973976,466.27943140750176,100.35,,100.7,102.3,94.8,15802.349294692,7222.05810395112,8580.29119074088,12720.1281365687,3082.2211581233005,0.1599999999999966,0.0100000000000051,0.269999999999996,-0.0012030405563177027,-0.001068687559206083,-0.001068687559206083,-0.006367133990309526,-0.027137068460514335,0.019594282298575294,0.013269164798352051,-0.0008678672707889135,-0.009119806143448983,False,False,False,False,False,False,False,False,True,False,False
2018-11-01,0.5,9048.0,-0.9897804327261284,20486.0,-0.4335020548790425,20486.0,-0.4335020548790425,12.173254098896711,57523.0,-0.1563368856498215,7.250952380952381,7.23904761904762,7.5,9.45,12.38,6.92,6.75,66.35568095238095,0.758120097805115,65.99988,-19.87813785506436,462.1,0.3034245934349755,0.8277,4.8,42595.0,9.20802800577718,,0.7000000000000028,3.0,0.7000000000000028,91.92833820204312,-1.3343775326156937,10.0527,9.8309,1652.5651080758016,959.5836613807896,692.981446695012,1292.0975655686016,360.4675425072001,100.5,,100.7,103.0,100.7,17454.9144027678,8181.641765331909,9273.272637435892,14012.2257021373,3442.6887006305005,0.3499999999999943,0.1599999999999966,0.0100000000000051,-0.009897804327261284,-0.004335020548790425,-0.004335020548790425,-0.0015633688564982151,0.00758120097805115,-0.1987813785506436,0.00619357426332634,0.003034245934349755,-0.013343775326156937,False,False,False,False,False,False,False,False,False,True,False
2018-12-01,0.8400000000000034,8980.0,-0.7543856499710344,20574.0,0.4286416694494477,20574.0,0.4286416694494477,11.341812257168192,58433.0,1.569593091161714,7.492380952380953,7.477500000000001,7.625,9.17,12.5,6.69,6.83,67.33531363636364,1.4655440643316808,57.85386956521739,-13.173258280817368,466.9,1.0333784100669874,-4.5806,4.8,55569.0,8.194455522991362,,0.7999999999999972,3.0999999999999943,1.0,92.0416102058122,0.1231418707925868,10.2053,10.2363,1999.4546291958975,836.1327224823708,1163.321906713527,2700.777008262201,-701.3223790663033,100.84,,100.8,103.1,101.0,19454.3690319637,9017.77448781428,10436.59454414942,16713.0027103995,2741.3663215641973,0.5,0.3499999999999943,0.1599999999999966,-0.007543856499710344,0.004286416694494477,0.004286416694494477,0.01569593091161714,0.014655440643316808,-0.13173258280817368,0.26588861631389094,0.010333784100669874,0.0012314187079258687,False,False,False,False,False,False,False,False,False,False,True
2019-01-01,1.0100000000000051,9339.0,3.919929781347165,21624.0,4.977566626530816,21624.0,4.977566626530816,10.292791141902136,61402.0,4.956160917625141,7.645294117647059,7.61529411764706,7.75,9.56,13.1,6.62,6.91,66.51254374999999,-1.2294261048293895,60.3983,4.304061781452617,469.8,0.6191970247921397,-1.2911,4.9,42263.0,7.991455019345039,,0.7000000000000028,0.2000000000000028,-2.4000000000000057,93.08303779993388,1.1251214697730385,10.0714,10.3632,1486.33809018925,680.75926072414,805.57882946511,1119.63500471089,366.70308547836,101.01,,100.7,100.2,97.6,1486.33809018925,680.75926072414,805.57882946511,1119.63500471089,366.70308547836,0.8400000000000034,0.5,0.3499999999999943,0.039199297813471645,0.04977566626530816,0.04977566626530816,0.04956160917625141,-0.012294261048293897,0.04304061781452617,-0.27371349302539016,0.006191970247921397,0.011251214697730383,False,False,False,False,False,False,False,False,False,False,False
2019-02-01,0.4399999999999977,8989.0,-3.8197572536319058,20750.0,-4.125756229743871,20750.0,-4.125756229743871,9.523789326043364,59784.0,-2.6704341284512267,7.5905,7.519499999999999,7.75,9.74,13.08,6.34,7.02,65.810525,-1.061077774614283,64.46232916666666,6.512005040467983,480.5,2.2520156185534823,-4.2332,4.9,43062.0,6.274736229895339,,0.519999999999996,-0.0999999999999943,0.4000000000000057,93.82715057998416,0.796229159868922,10.5671,10.1363,1357.633142583,686.5975673449002,671.0355752380999,1345.6299503523696,12.003192230630477,100.44,,100.52,99.9,100.4,2843.97123277225,1367.35682806904,1476.61440470321,2465.2649550632595,378.70627770899046,1.0100000000000051,0.8400000000000034,0.5,-0.03819757253631906,-0.04125756229743871,-0.04125756229743871,-0.026704341284512267,-0.01061077774614283,0.06512005040467983,0.0187289388926839,0.022520156185534823,0.00796229159868922,True,False,False,False,False,False,False,False,False,False,False
2019-03-01,0.3199999999999932,9029.0,0.4440011734081039,20946.0,0.9401450674246804,20946.0,0.9401450674246804,8.443663661716094,60474.0,1.1475453972806804,7.676,7.590999999999999,7.75,9.85,13.28,6.48,7.07,65.09225714285715,-1.0974175704112632,66.911804,3.72943847674776,489.5,1.8557233560217767,5.0956,4.7,46324.0,8.936124034070936,,0.4599999999999937,-0.4000000000000057,0.0,92.9804619012011,-0.9064881943269044,10.0129,9.1406,1746.04699716528,626.0435217841696,1120.0034753811103,1458.8053529836602,287.2416441816199,100.32,,100.46,99.6,100.0,4590.01822993753,1993.4003498532095,2596.6178800843204,3924.07030804692,665.9479218906104,0.4399999999999977,1.0100000000000051,0.8400000000000034,0.00444001173408104,0.009401450674246803,0.009401450674246803,0.011475453972806804,-0.010974175704112632,0.037294384767477595,0.0730192476461422,0.018557233560217767,-0.009064881943269043,False,True,False,False,False,False,False,False,False,False,False
2019-04-01,0.2900000000000062,8981.0,-0.5330384636529573,20811.0,-0.6466004279680249,20811.0,-0.6466004279680249,7.294432437492304,60147.0,-0.5421954735641776,7.745454545454546,7.673636363636363,7.75,9.63,13.37,6.77,6.92,64.60310476190476,-0.7543133279668268,71.626836,6.809441419275952,489.8,0.0612682547502352,8.8594,4.7,48030.0,10.18042584459593,,0.3799999999999954,0.2999999999999971,5.0,93.46904368626568,0.5240913907011091,10.5483,9.39,1771.1263646440802,729.1993896129602,1041.92697503112,1621.26769400279,149.85867064129025,100.29,,100.38,100.3,105.0,6361.14459458161,2722.59973946617,3638.54485511544,5545.33800204971,815.8065925319006,0.3199999999999932,0.4399999999999977,1.0100000000000051,-0.005330384636529573,-0.006466004279680249,-0.006466004279680249,-0.005421954735641776,-0.007543133279668268,0.06809441419275952,0.036165630354600964,0.0006126825475023523,0.005240913907011091,False,False,True,False,False,False,False,False,False,False,False
2019-05-01,0.3400000000000034,9113.0,1.459073082517648,21175.0,1.7339547466844962,21175.0,1.7339547466844962,6.916154821839626,60485.0,0.5603834546658248,7.7155555555555555,7.648333333333331,7.75,9.66,13.63,6.44,6.85,64.81870555555555,0.333175671957342,70.26102222222222,-1.9252612347421485,495.2,1.096457685231922,7.4334,4.5,47926.0,8.374273802484566,,0.3499999999999943,-1.0,0.0,94.15785709874328,0.7342406703312321,10.4213,9.2639,1506.281412930979,697.7428657437404,808.5385471872387,1038.8133868817304,467.4680260492487,100.34,,100.35,99.0,100.0,7867.426007512589,3420.3426052099103,4447.083402302679,6584.15138893144,1283.2746185811493,0.2900000000000062,0.3199999999999932,0.4399999999999977,0.014590730825176479,0.017339547466844962,0.017339547466844962,0.005603834546658248,0.00333175671957342,-0.019252612347421483,-0.0021676610263554608,0.010964576852319219,0.007342406703312321,False,False,False,True,False,False,False,False,False,False,False
2019-06-01,0.0400000000000062,9110.0,-0.0329254242123155,21090.0,-0.4022246047435729,21090.0,-0.4022246047435729,4.917430622134766,60963.0,0.787172235410516,7.576842105263158,7.525789473684211,7.625,9.35,13.35,6.88,6.75,64.16905,-1.007322045592307,63.118945454545454,-10.719622646264073,517.1,4.327455803178903,5.5341,4.4,49348.0,7.356566095978145,,0.4599999999999937,-1.9000000000000057,-0.0999999999999943,95.4010772869444,1.3117166098124855,10.2392,9.4292,1682.4376014353493,701.5588544564398,980.8787469789096,1269.9672925864606,412.47030884888864,100.04,,100.46,98.1,99.9,9549.86360894794,4121.90145966635,5427.962149281589,7854.118681517901,1695.744927430038,0.3400000000000034,0.2900000000000062,0.3199999999999932,-0.0003292542421231559,-0.004022246047435729,-0.004022246047435729,0.00787172235410516,-0.010073220455923071,-0.10719622646264071,0.029239083558840306,0.043274558031789034,0.013117166098124855,False,False,False,False,True,False,False,False,False,False,False
2019-07-01,0.2000000000000028,9193.0,0.906961360975167,21718.0,2.9342415304025598,21718.0,2.9342415304025598,5.265617809136991,60928.0,-0.0574283597016389,7.320434782608696,7.240869565217391,7.467391304347826,9.51,13.34,6.35,6.69,63.22268181818181,-1.485788093153051,64.24855185185186,1.7738214846366065,519.9,0.5400205987494466,6.5985,4.5,46509.0,9.219092323416866,,0.519999999999996,-0.2000000000000028,3.0999999999999943,95.08883983084432,-0.3278259977837372,9.9043,9.3712,1921.45846106126,661.0331226972203,1260.4253383640398,1466.0660219372094,455.3924391240507,100.2,,100.52,99.8,103.1,11471.3220700092,4782.93458236357,6688.387487645628,9320.18470345511,2151.1373665540887,0.0400000000000062,0.3400000000000034,0.2900000000000062,0.00906961360975167,0.029342415304025593,0.029342415304025593,-0.0005742835970163895,-0.01485788093153051,0.017738214846366063,-0.059251395956883,0.005400205987494466,-0.0032782599778373722,False,False,False,False,False,True,False,False,False,False,False
2019-08-01,-0.2399999999999948,9253.0,0.6505498385275033,21745.0,0.1242436254893064,21745.0,0.1242436254893064,5.0652094232502165,60928.0,0.0,7.132272727272727,7.084090909090909,7.25,8.97,13.04,6.21,6.49,65.58748260869565,3.672173755535901,59.470134615384616,-7.7284936949845395,530.5,2.018347266436749,7.7441,4.3,44961.0,8.338451000823888,,0.3499999999999943,-0.0999999999999943,0.2000000000000028,93.84638464040344,-1.3152371182895806,10.0266,9.1104,1785.4172853444998,624.5759066920909,1160.8413786524088,1262.2413226322897,523.1759627122101,99.76,,100.35,99.9,100.2,13256.7393553537,5407.510489055661,7849.228866298037,10582.4260260874,2674.3133292662988,0.2000000000000028,0.0400000000000062,0.3400000000000034,0.0065054983852750325,0.0012424362548930645,0.0012424362548930645,0.0,0.03672173755535901,-0.0772849369498454,-0.03385039492136599,0.020183472664367486,-0.013152371182895806,False,False,False,False,False,False,True,False,False,False,False
2019-09-01,-0.1599999999999966,9368.0,1.2351803028522568,21956.0,0.9656604638040632,21956.0,0.9656604638040632,6.38950165653025,61872.0,1.5374895696041335,6.855714285714286,6.827619047619048,7.059523809523809,9.01,12.83,7.09,6.28,64.958705,-0.9633103541038855,62.60618,5.138974797739859,531.8,0.2447520754881971,4.6348,4.5,45541.0,8.633888267898904,,0.3299999999999983,-1.2000000000000028,-0.0999999999999943,93.23986719519333,-0.6483849712163092,9.8667,8.8941,1777.9829433852465,600.52241614579,1177.4605272394565,1365.8240109944018,412.1589323908447,99.84,,100.33,98.8,99.9,15034.722298738943,6008.032905201451,9026.689393537494,11948.250037081802,3086.4722616571435,-0.2399999999999948,0.2000000000000028,0.0400000000000062,0.012351803028522568,0.009656604638040633,0.009656604638040633,0.015374895696041335,-0.009633103541038857,0.05138974797739859,0.012817571781146953,0.002447520754881971,-0.006483849712163092,False,False,False,False,False,False,False,True,False,False,False
2019-10-01,0.1299999999999954,9412.0,0.4685844569699782,22430.0,2.135889784447542,22430.0,2.135889784447542,8.6322601968984,61955.0,0.1340580203514463,6.789999999999999,6.767391304347826,6.913043478260869,9.3,12.67,6.3,6.16,64.37499130434783,-0.9026536404083352,59.69619259259259,-4.759575258174476,539.9,1.511645841532161,2.2835,4.6,46549.0,9.496221998372969,,0.3700000000000045,-0.5,-4.200000000000003,95.0412749556614,1.913588062830396,9.3618,8.6122,1636.4457094765548,668.6910343472991,967.7546751292556,1567.0168516815993,69.42885779495555,100.13,,100.37,99.5,95.8,16671.1680082155,6676.72393954875,9994.44406866675,13515.2668887634,3155.901119452099,-0.1599999999999966,-0.2399999999999948,0.2000000000000028,0.004685844569699782,0.021358897844475422,0.021358897844475422,0.0013405802035144632,-0.009026536404083352,-0.047595752581744755,0.02189250210309268,0.01511645841532161,0.01913588062830396,False,False,False,False,False,False,False,False,True,False,False
2019-11-01,0.2800000000000011,9355.0,-0.6074511139061656,22137.0,-1.314893178777865,22137.0,-1.314893178777865,7.750869072999578,61681.0,-0.4432373234040554,6.457000000000001,6.4465,6.5,9.03,12.38,6.18,5.84,63.86711904761904,-0.7920563853168083,62.59884,4.747850488658933,542.2,0.4250999840324176,1.5025,4.6,46285.0,8.308105902436935,,0.3100000000000023,0.2999999999999971,0.0,98.2497309528696,3.320124189056628,8.6797,8.2566,1354.462351062397,588.6844539413296,765.7778971210664,1411.0711845384994,-56.60883347610252,100.28,,100.31,100.3,100.0,18025.630359277897,7265.40839349008,10760.221965787816,14926.3380733019,3099.2922859759965,0.1299999999999954,-0.1599999999999966,-0.2399999999999948,-0.006074511139061656,-0.01314893178777865,-0.01314893178777865,-0.004432373234040554,-0.007920563853168083,0.047478504886589334,-0.005687586696033975,0.004250999840324177,0.03320124189056628,False,False,False,False,False,False,False,False,False,True,False
2019-12-01,0.3599999999999994,9394.0,0.4160227878749367,22529.0,1.7552951450666043,22529.0,1.7552951450666043,9.077522548616734,62734.0,1.692762358484856,6.151363636363637,6.1571428571428575,6.363636363636363,8.26,12.05,5.84,5.56,62.932538095238094,-1.4741331287725146,64.79773846153846,3.4523954881374053,549.8,1.3919638666579637,-3.8593,4.6,62239.0,11.335632109432048,,0.1599999999999966,0.0,-0.0999999999999943,100.79080644635184,2.5534633235955617,9.3827,9.0219,2163.166449258104,658.8424346281699,1504.3240146299358,3288.1794096021003,-1125.0129603439964,100.36,,100.16,100.0,99.9,20188.796808536,7924.25082811825,12264.545980417752,18214.517482904,1974.279325632,0.2800000000000011,0.1299999999999954,-0.1599999999999966,0.004160227878749367,0.017552951450666043,0.017552951450666043,0.01692762358484856,-0.014741331287725146,0.03452395488137405,0.29616387838384206,0.013919638666579637,0.025534633235955617,False,False,False,False,False,False,False,False,False,False,True
2020-01-01,0.4000000000000057,9658.0,2.7715399846547584,23862.0,5.748386725860399,23862.0,5.748386725860399,9.848342647946318,64536.0,2.83196422154095,6.038823529411765,6.038823529411765,6.25,8.43,12.37,5.76,5.48,61.81214705882353,-1.796342926564165,63.97132,-1.283584454264286,562.3,2.2480939567010694,-0.5426,4.7,46674.0,9.927526566938738,,0.2999999999999971,-0.5,-1.0999999999999943,102.46725884054418,1.649617601682607,8.5658,8.2594,1556.54942081998,615.94278835504,940.60663246494,1624.37220893091,-67.82278811092988,100.4,,100.3,99.5,98.9,1556.54942081998,615.94278835504,940.60663246494,1624.37220893091,-67.82278811092988,0.3599999999999994,0.2800000000000011,0.1299999999999954,0.027715399846547584,0.05748386725860399,0.05748386725860399,0.028319642215409502,-0.01796342926564165,-0.01283584454264286,-0.28779454845032326,0.022480939567010694,0.01649617601682607,False,False,False,False,False,False,False,False,False,False,False
2020-02-01,0.3299999999999983,9489.0,-1.7653354459728376,23358.0,-2.1347697597235538,23358.0,-2.1347697597235538,11.839329117966637,63918.0,-0.9622195777557964,5.938421052631579,5.923684210526315,6.065789473684211,8.02,12.09,5.12,5.18,63.97975,3.446672754338831,55.35036842105263,-14.475154258225054,570.0,1.3600845530440608,-2.2833,4.6,47257.0,9.295985343905675,,0.2999999999999971,0.2000000000000028,0.0999999999999943,99.58671217736412,-2.851457778867505,8.7466,7.9343,1262.3407510215104,608.3261328747801,654.0146181467303,1357.8018949624602,-95.4611439409498,100.33,,100.3,100.2,100.1,2818.8901718414904,1224.26892122982,1594.6212506116703,2982.17410389337,-163.28393205187967,0.4000000000000057,0.3599999999999994,0.2800000000000011,-0.017653354459728376,-0.021347697597235538,-0.021347697597235538,-0.009622195777557963,0.03446672754338831,-0.14475154258225054,0.012413526662353291,0.013600845530440608,-0.028514577788675055,True,False,False,False,False,False,False,False,False,False,False
2020-03-01,0.5499999999999972,9671.0,1.8998483743203565,24024.0,2.8113792824655093,24024.0,2.8113792824655093,13.710563333007464,65484.0,2.420482613498009,5.79421052631579,5.753684210526315,6.0,8.2,11.83,5.18,4.89,73.71944210526316,14.169993797752856,33.761754545454544,-49.435467582897054,560.6,-1.6628722097908444,2.4454,4.7,50948.0,9.514531940538085,,0.4000000000000057,0.0999999999999943,0.7999999999999972,95.21488451489662,-4.489246429420923,8.3108,7.8881,1912.4462176681595,563.6626747755201,1348.7835428926396,1635.78143330211,276.6647843660494,100.55,,100.4,100.1,100.8,4731.33638950965,1787.9315960053402,2943.40479350431,4617.95553719548,113.38085231416972,0.3299999999999983,0.4000000000000057,0.3599999999999994,0.018998483743203565,0.028113792824655093,0.028113792824655093,0.024204826134980095,0.14169993797752856,-0.4943546758289705,0.07520471361246628,-0.016628722097908444,-0.04489246429420923,False,True,False,False,False,False,False,False,False,False,False
2020-04-01,0.8299999999999983,10241.0,5.726755435847508,25136.0,4.524775083223709,25136.0,4.524775083223709,18.8819388441992,68323.0,4.2440621531184775,5.994736842105263,5.917894736842105,5.909090909090909,9.0,11.77,5.12,5.0,74.76353333333333,1.406367880098358,26.63142857142857,-23.723659593273805,569.8,1.62777833331198,-20.8481,5.8,49306.0,2.621996182055497,,0.2000000000000028,1.5999999999999943,4.200000000000003,92.42099237950778,-2.978213642408001,,,2270.65678241955,434.56070629788,1836.0960761216693,2137.38342685685,133.2733555627001,100.83,,100.2,101.6,104.2,7001.9931719292,2222.49230230322,4779.500869625979,6755.33896405233,246.6542078768698,0.5499999999999972,0.3299999999999983,0.4000000000000057,0.05726755435847508,0.04524775083223709,0.04524775083223709,0.042440621531184775,0.014063678800983581,-0.23723659593273805,-0.03275972723022491,0.0162777833331198,-0.029782136424080008,False,False,True,False,False,False,False,False,False,False,False
2020-05-01,0.269999999999996,10912.0,6.34638300078052,25991.0,3.344924273699057,25991.0,3.344924273699057,20.49290837121376,68158.0,-0.2417920155730613,5.468823529411765,5.378823529411765,5.5,8.26,11.59,4.98,4.9,72.50029444444445,-3.0739620666101253,32.53142857142857,20.011461144986995,563.9,-1.0408491250671226,-21.8715,6.1,50747.0,5.719434822376712,,0.2999999999999971,-0.5999999999999943,-0.2000000000000028,91.1522748876618,-1.382268465844838,,,889.0472744610006,214.2349824306998,674.8122920303013,1409.4037598656505,-520.3564854046499,100.27,,100.3,99.4,99.8,7891.0404463902,2436.72728473392,5454.3131616562805,8164.742723917981,-273.7022775277801,0.8299999999999983,0.5499999999999972,0.3299999999999983,0.0634638300078052,0.03344924273699057,0.03344924273699057,-0.002417920155730613,-0.030739620666101253,0.20011461144986997,0.02880672537685669,-0.010408491250671226,-0.013822684658448381,False,False,False,True,False,False,False,False,False,False,False
2020-06-01,0.2199999999999988,11209.0,2.685392593785174,26471.0,1.8299469892461675,26471.0,1.8299469892461675,22.7250799652035,67856.0,-0.4440726635314362,4.994,4.9245,5.2,7.13,11.39,4.57,4.74,69.196715,-4.663723275649367,40.76590909090909,22.563951560913956,568.3,0.7772517489939013,-8.4201,6.2,52123.0,5.470907186907148,,0.0999999999999943,-0.2999999999999971,-0.0999999999999943,93.1355966912326,2.1525001759298057,,,1200.8301403851992,224.3194765796502,976.5106638055496,1750.27250789343,-549.4423675082307,100.22,,100.1,99.7,99.9,9091.8705867754,2661.04676131357,6430.82382546183,9915.01523181141,-823.1446450360108,0.269999999999996,0.8299999999999983,0.5499999999999972,0.02685392593785174,0.018299469892461673,0.018299469892461673,-0.004440726635314363,-0.046637232756493674,0.22563951560913953,0.026753807204144664,0.007772517489939013,0.021525001759298057,False,False,False,False,True,False,False,False,False,False,False
2020-07-01,0.3499999999999943,11516.0,2.7020345710971228,27817.0,4.959755044870562,27817.0,4.959755044870562,24.7505934796715,68710.0,1.250693631074995,4.2290909090909095,4.175909090909091,4.443181818181818,7.42,10.85,4.32,4.31,71.29407391304348,2.9859818743377176,43.22217391304348,5.8507477951813325,591.8,4.051929166303392,3.7931,6.3,50145.0,7.527296628783731,,0.0999999999999943,1.0,-0.2999999999999971,93.77510606825632,0.6842966861317024,,,1307.8352401851007,341.0247876150097,966.810452570091,1879.872916909089,-572.0376767239886,100.35,,100.1,101.0,99.7,10399.7058269605,3002.07154892858,7397.634278031921,11794.8881487205,-1395.1823217599997,0.2199999999999988,0.269999999999996,0.8299999999999983,0.027020345710971228,0.04959755044870562,0.04959755044870562,0.01250693631074995,0.029859818743377176,0.058507477951813325,-0.038687501538117175,0.04051929166303392,0.006842966861317024,False,False,False,False,False,True,False,False,False,False,False
2020-08-01,-0.0400000000000062,11818.0,2.588642017355447,28088.0,0.9695094274707828,28088.0,0.9695094274707828,25.595859281652977,69794.0,1.5653297145192369,4.155238095238095,4.112380952380953,4.25,6.99,10.72,4.11,4.07,73.79810952380953,3.451990592783627,45.06238095238096,4.169412461972533,591.8,0.0,6.0928,6.4,47649.0,5.80661961901594,,0.4000000000000057,0.5,0.0,95.6677271001103,1.9981584639799264,9.1901,8.8231,1288.6242545586992,404.8794456502797,883.7448089084191,1461.8965744124998,-173.27231985380058,99.96,,100.4,100.5,100.0,11688.3300815192,3406.9509945788595,8281.37908694034,13256.784723133,-1568.4546416138,0.3499999999999943,0.2199999999999988,0.269999999999996,0.02588642017355447,0.009695094274707827,0.009695094274707827,0.01565329714519237,0.03451990592783627,0.041694124619725326,-0.05105716501904389,0.0,0.019981584639799266,False,False,False,False,False,False,True,False,False,False,False
2020-09-01,-0.0699999999999931,11951.0,1.1191163961260742,29027.0,3.2883992459323608,29027.0,3.2883992459323608,27.918598063781275,70823.0,1.4635760513376894,4.165,4.166363636363636,4.25,6.81,10.36,4.74,4.1,75.72798636363636,2.5814678023793114,41.873636363636365,-7.33913480437236,580.7,-1.8934467588104908,3.6785,6.3,49259.0,7.847907292761036,,0.2999999999999971,0.5,0.0999999999999943,97.91460667133413,2.321472661852741,9.4193,8.9478,1528.3521085049997,447.0629264684208,1081.2891820365785,1616.7418345730002,-88.38972606800053,99.93,,100.3,100.5,100.1,13216.6821900242,3854.01392104728,9362.66826897692,14873.526557706,-1656.8443676818006,-0.0400000000000062,0.3499999999999943,0.2199999999999988,0.011191163961260742,0.03288399245932361,0.03288399245932361,0.014635760513376894,0.025814678023793114,-0.0733913480437236,0.03323044851859791,-0.01893446758810491,0.023214726618527415,False,False,False,False,False,False,False,True,False,False,False
2020-10-01,0.4300000000000068,12073.0,1.0156597465506678,29514.0,1.6638295715802442,29514.0,1.6638295715802442,27.446537850913977,72459.0,2.283707795250756,4.174090909090909,4.195,4.25,7.04,10.07,4.28,4.13,77.66354782608695,2.5238214252048863,41.52409090909091,-0.8382662521525752,584.0,0.5666710450222823,-2.0027,6.3,49539.0,6.225471693375262,,0.2000000000000028,3.0,-5.400000000000006,101.31856844694124,3.4173957687485768,9.614,9.668,1928.7133882985,474.51013455121983,1454.2032537472803,1968.5967059404995,-39.88331764199938,100.43,,100.2,103.0,94.6,15145.3955783227,4328.5240555985,10816.8715227242,16842.1232636465,-1696.7276853238,-0.0699999999999931,-0.0400000000000062,0.3499999999999943,0.010156597465506678,0.016638295715802442,0.016638295715802442,0.022837077952507556,0.025238214252048863,-0.008382662521525752,0.0056681461092349394,0.005666710450222823,0.03417395768748577,False,False,False,False,False,False,False,False,True,False,False
2020-11-01,0.7099999999999937,12158.0,0.7015834976279223,29622.0,0.3652601463523197,29622.0,0.3652601463523197,29.12669117604416,72192.0,-0.3691648218524079,4.061999999999999,4.0705,4.25,6.58,10.29,4.49,4.15,76.83946842105263,-1.0667587466952178,43.98,5.746122248361862,583.2,-0.1370802133778603,-7.4796,6.1,49274.0,6.257862404680914,,0.0999999999999943,3.0999999999999943,7.400000000000006,105.51219139335448,4.055680846439813,10.7342,10.1207,1383.2097047599018,453.7437242995193,929.4659804603834,2089.392963831502,-706.1832590716003,100.71,,100.1,103.1,107.4,16528.6052830826,4782.267779898019,11746.337503184584,18931.516227478,-2402.9109443954003,0.4300000000000068,-0.0699999999999931,-0.0400000000000062,0.007015834976279223,0.0036526014635231974,0.0036526014635231974,-0.0036916482185240795,-0.010667587466952178,0.05746122248361818,-0.005363679582977454,-0.0013708021337786036,0.04055680846439813,False,False,False,False,False,False,False,False,False,True,False
2020-12-01,0.8299999999999983,12135.0,-0.1893550147965328,30395.0,2.576079269590537,30395.0,2.576079269590537,29.94747530056809,72528.0,0.4643457762954384,4.171304347826087,4.129545454545454,4.25,6.77,10.05,4.72,4.17,74.2167043478261,-3.4729169060906173,50.23954545454546,13.306748951121785,592.4,1.5651901699195392,-11.4606,5.9,69278.0,10.714558257418716,,0.0999999999999943,3.799999999999997,-0.0999999999999943,108.46413920901963,2.7593099675442545,11.9545,11.507,2190.4846521311997,452.9772355400801,1737.5074165911174,3890.038236622,-1699.5535844908009,100.83,,100.1,103.8,99.9,18719.0899352138,5235.2450154381,13483.8449197757,22821.5544641,-4102.464528886201,0.7099999999999937,0.4300000000000068,-0.0699999999999931,-0.0018935501479653283,0.025760792695905366,0.025760792695905366,0.004643457762954384,-0.03472916906090617,0.13306748951121827,0.3407308369112201,0.015651901699195392,0.027593099675442545,False,False,False,False,False,False,False,False,False,False,True
2021-01-01,0.6700000000000017,12524.0,3.1552964285594958,31786.0,4.474782007394218,31786.0,4.474782007394218,28.673870582101912,75285.0,3.730821757651448,4.306,4.284666666666666,4.25,6.98,10.63,4.59,4.18,74.392475,0.2365543432915728,55.24400000000001,9.495726257784876,589.5,-0.4907362416218142,-4.5045,5.8,49516.0,5.910858521687068,,0.4000000000000057,1.7999999999999972,3.0999999999999943,113.49364256189074,4.532721853604915,12.8213,10.4836,1503.98518598817,490.83199614454,1013.15318984363,1559.9634200271898,-55.97823403901998,100.67,,100.4,101.8,103.1,1503.98518598817,490.83199614454,1013.15318984363,1559.9634200271898,-55.97823403901998,0.8299999999999983,0.7099999999999937,0.4300000000000068,0.03155296428559495,0.04474782007394218,0.04474782007394218,0.03730821757651448,0.0023655434329157288,0.09495726257784876,-0.33583154580763974,-0.004907362416218142,0.04532721853604915,False,False,False,False,False,False,False,False,False,False,False
2021-02-01,0.7800000000000011,12429.0,-0.761435170078606,31520.0,-0.8403676284949313,31520.0,-0.8403676284949313,29.96827271333053,74937.0,-0.4633151236388855,4.057894736842105,3.999473684210526,4.25,7.23,10.21,4.87,4.26,74.3168157894737,-0.1017545260995511,62.1145,11.721971883211424,589.6,0.0169620897700895,-3.8284,5.7,51229.0,8.070498683294147,,0.4000000000000057,2.5999999999999943,0.0,116.49751919361708,2.612315562151224,12.2852,9.8636,1251.5785672642903,544.8662483768801,706.7123188874102,1731.9359768456002,-480.35740958130987,100.78,,100.4,102.6,100.0,2755.56375325246,1035.69824452142,1719.86550873104,3291.89939687279,-536.3356436203298,0.6700000000000017,0.8299999999999983,0.7099999999999937,-0.0076143517007860595,-0.008403676284949313,-0.008403676284949313,-0.004633151236388855,-0.0010175452609955116,0.11721971883211424,0.034009928278424084,0.00016962089770089506,0.02612315562151224,True,False,False,False,False,False,False,False,False,False,False
2021-03-01,0.6599999999999966,12538.0,0.8731581088403217,32158.0,2.0038988332540697,32158.0,2.0038988332540697,29.16079226411909,75407.0,0.6252348362380644,4.222272727272728,4.2,4.340909090909091,6.98,10.16,5.15,4.2,74.39713333333333,0.1080161641091592,65.66869565217391,5.564288180119714,577.7,-2.0389638087906725,7.2639,5.4,55208.0,8.030236559078752,,0.5999999999999943,1.7000000000000028,0.0,119.10272734215664,2.2116397393720177,12.6584,10.0714,2544.35975179782,582.3017554785799,1962.05799631924,1721.3747396874005,822.9850121104196,100.66,,100.6,101.7,100.0,5299.92350505028,1618.0,3681.92350505028,5013.274136560191,286.6493684900897,0.7800000000000011,0.6700000000000017,0.8299999999999983,0.008731581088403217,0.020038988332540697,0.020038988332540697,0.006252348362380644,0.0010801616410915926,0.05564288180119714,0.07480209237031232,-0.020389638087906725,0.022116397393720177,False,True,False,False,False,False,False,False,False,False,False
2021-04-01,0.5799999999999983,12570.0,0.2548989750378538,32198.0,0.12430854978831,32198.0,0.12430854978831,24.760325730683697,75407.0,0.0,4.514545454545455,4.479090909090909,4.613636363636363,7.07,10.1,5.26,4.49,76.14393181818183,2.3207978314997213,65.25761904761904,-0.627953144960891,590.5,2.191493285019685,12.8622,5.2,56614.0,13.821052694924774,,0.7000000000000028,1.7000000000000028,3.5,122.06139321899512,2.453776556813292,14.5488,11.879,2186.90266016662,893.4119997872199,1293.4906603793995,2143.6616050849298,43.24105508169032,100.58,,100.7,101.7,103.5,7486.8261652169,2511.41199978722,4975.41416542968,7156.93574164512,329.89042357178005,0.6599999999999966,0.7800000000000011,0.6700000000000017,0.0025489897503785386,0.0012430854978831007,0.0012430854978831007,0.0,0.023207978314997213,-0.0062795314496089105,0.02514843412823531,0.021914932850196855,0.02453776556813292,False,False,True,False,False,False,False,False,False,False,False
2021-05-01,0.7399999999999949,12860.0,2.280869620731707,33030.0,2.5511900582595004,33030.0,2.5511900582595004,23.96659151524414,76265.0,1.131400855089737,4.791052631578947,4.757368421052632,5.0,7.21,10.44,5.21,4.48,74.00427368421053,-2.8502544919885686,68.24666666666666,4.478578642413034,605.9,2.57453203135265,10.6774,4.9,56171.0,10.154810660946367,,0.9000000000000057,0.0999999999999943,-0.0999999999999943,128.3515856198228,5.0249119850092505,14.8068,11.3279,1833.443423878629,617.5905936104004,1215.852830268229,1721.230776568489,112.2126473101398,100.74,,100.9,100.1,99.9,9320.26958909553,3129.0025933976203,6191.266995697909,8878.16651821361,442.1030708819199,0.5799999999999983,0.6599999999999966,0.7800000000000011,0.02280869620731707,0.025511900582595004,0.025511900582595004,0.01131400855089737,-0.028502544919885686,0.044785786424130336,-0.007855694962927373,0.0257453203135265,0.050249119850092505,False,False,False,True,False,False,False,False,False,False,False
2021-06-01,0.6899999999999977,12752.0,-0.8433596761612705,33277.0,0.7450228256304925,33277.0,0.7450228256304925,22.881667351628465,76333.0,0.0891230612472426,5.1033333333333335,5.092857142857143,5.2727272727272725,7.63,10.18,6.1,4.76,72.61685714285714,-1.8925757097168368,73.36318181818181,7.229360684200435,592.4,-2.253287355729938,8.2539,4.8,58782.0,12.022937551227209,,1.2999999999999972,-0.9000000000000057,0.0,125.3614877989432,-2.357179492714412,14.9324,11.9136,1945.5007317175696,646.9974066023797,1298.50332511519,1612.9418264472915,332.55890527027805,100.69,,101.3,99.1,100.0,11265.7703208131,3776.0,7489.770320813099,10491.1083446609,774.6619761521979,0.7399999999999949,0.5799999999999983,0.6599999999999966,-0.008433596761612705,0.007450228256304925,0.007450228256304925,0.0008912306124724267,-0.018925757097168372,0.07229360684200437,0.045435076106953076,-0.022532873557299382,-0.02357179492714412,False,False,False,False,True,False,False,False,False,False,False
2021-07-01,0.3100000000000023,12787.0,0.2740907781172197,33754.0,1.4232461155289755,33754.0,1.4232461155289755,19.34515842228688,76053.0,-0.367488240535252,5.759545454545454,5.765909090909091,5.727272727272728,7.69,10.75,5.8,5.14,73.88989130434783,1.7378942823896182,74.16909090909091,1.0925299153186074,599.6,1.2080683834798656,9.0645,4.0,55170.0,9.55005187441671,,1.5,-0.7999999999999972,-0.2999999999999971,124.3727886747043,-0.7918050367601737,16.5198,13.3997,2385.358146636401,994.0245933196712,1391.33355331673,2124.7441277406,260.6140188958016,100.31,,101.5,99.2,99.7,13651.1284674495,4770.024593319671,8881.103874129829,12615.8524724015,1035.2759950479997,0.6899999999999977,0.7399999999999949,0.5799999999999983,0.002740907781172197,0.014232461155289755,0.014232461155289755,-0.0036748824053525198,0.017378942823896182,0.010925299153186074,-0.06341635830622216,0.012080683834798656,-0.007918050367601737,False,False,False,False,False,True,False,False,False,False,False
2021-08-01,0.1700000000000017,12939.0,1.1816976504784191,33519.0,-0.6986486580981222,33519.0,-0.6986486580981222,17.677000336717974,76079.0,0.0341808432850143,6.297272727272727,6.306818181818182,6.5,8.37,10.79,6.32,5.8,73.58273333333334,-0.4165632990288159,70.39818181818181,-5.218006243449835,615.6,2.6334635736281697,9.0535,4.4,52355.0,9.418580021829824,,1.2000000000000028,0.0,0.0,127.98606001293273,2.8637936019114463,16.4937,12.4946,2046.6230702993016,695.8320902001587,1350.7909800991438,2004.8909539164,41.73211638290195,100.17,,101.2,100.0,100.0,15697.751537748802,5465.85668351983,10231.894854228973,14620.7434263179,1077.0081114309014,0.3100000000000023,0.6899999999999977,0.7399999999999949,0.011816976504784193,-0.0069864865809812216,-0.0069864865809812216,0.0003418084328501436,-0.0041656329902881595,-0.05218006243449835,-0.052371883544912734,0.026334635736281697,0.028637936019114463,False,False,False,False,False,False,True,False,False,False,False
2021-09-01,0.5999999999999943,12969.0,0.2315888019788659,33760.0,0.7164227494445896,33760.0,0.7164227494445896,15.105023840230205,77339.0,1.6426082083858873,6.569090909090909,6.556363636363637,6.659090909090909,8.36,10.66,6.52,5.93,72.92621818181819,-0.8962176563653834,74.84181818181818,6.120935897856139,617.9,0.3729230102209158,7.8809,4.3,54687.0,10.453392917916917,,0.7999999999999972,1.7999999999999972,0.0,129.14486699463782,0.9013422387387672,15.602,12.3028,2226.120024460095,718.9115317558508,1507.208492704243,1678.1449993444005,547.9750251156947,100.6,,100.8,101.8,100.0,17923.871562208897,6184.768215275681,11739.103346933216,16298.8884256623,1624.983136546596,0.1700000000000017,0.3100000000000023,0.6899999999999977,0.002315888019788659,0.007164227494445896,0.007164227494445896,0.016426082083858873,-0.008962176563653834,0.06120935897856139,0.043578577479468805,0.003729230102209158,0.00901342238738767,False,False,False,False,False,False,False,True,False,False,False
2021-10-01,1.1099999999999994,13087.0,0.9057476719739554,33938.0,0.5258660822876848,33938.0,0.5258660822876848,13.967060350937643,78285.0,1.215765758776044,6.809523809523809,6.808571428571428,6.928571428571429,8.69,10.76,6.64,6.07,71.45009090909092,-2.044904347804,83.64952380952381,11.12589394002308,623.2,0.8540862489605061,3.6689,4.3,54649.0,9.81706780445073,,0.7999999999999972,3.4000000000000057,-1.5999999999999943,133.27435051497795,3.1475015199892376,16.2654,13.6222,2507.8741155883035,1107.9239422092803,1399.950173379022,1835.771455970096,672.1026596182073,101.11,,100.8,103.4,98.4,20431.7456777972,7292.692157484961,13139.053520312238,18134.6598816324,2297.0857961648035,0.5999999999999943,0.1700000000000017,0.3100000000000023,0.009057476719739554,0.005258660822876848,0.005258660822876848,0.01215765758776044,-0.020449043478039997,0.1112589394002308,-0.000695105025426912,0.008540862489605061,0.031475015199892376,False,False,False,False,False,False,False,False,True,False,False
2021-11-01,0.9599999999999936,13021.0,-0.5055932326753165,33802.0,-0.4015358214598308,33802.0,-0.4015358214598308,13.200264383125493,77917.0,-0.4711856197083364,7.331999999999999,7.3075,7.5,8.52,10.83,7.43,6.5,72.69891052631579,1.7327221823683736,80.30363636363637,-4.08208301078794,619.8,-0.5470649202890421,-0.8258,4.3,55639.0,12.148783564622434,,0.9000000000000057,1.2999999999999972,0.0999999999999943,135.44056329946903,1.6123107422293614,16.1835,13.4727,2008.2877585606,884.6852053347384,1123.6025532258627,1806.2720992828035,202.01565927779663,100.96,,100.9,101.3,100.1,22440.0334363578,8177.3773628197,14262.6560735381,19940.9319809152,2499.1014554426,1.1099999999999994,0.5999999999999943,0.1700000000000017,-0.005055932326753165,-0.004015358214598308,-0.004015358214598308,-0.004711856197083364,0.017327221823683736,-0.0408208301078794,0.017953478018739588,-0.005470649202890421,0.016123107422293614,False,False,False,False,False,False,False,False,False,True,False
2021-12-01,0.8199999999999932,12954.0,-0.5158817985865483,34545.0,2.174284960472228,34545.0,2.174284960472228,12.798470074007184,80311.0,3.0262440305916627,7.617727272727273,7.577619047619048,7.909090909090909,8.85,10.73,7.5,7.44,73.76931304347826,1.4616434169156811,74.46434782608696,-7.549444648245274,630.6,1.7274901757312833,-3.8081,4.3,77994.0,11.850450517673394,,1.0,0.2999999999999971,0.0,133.7218515098582,-1.2770989223438889,17.6687,14.7674,2846.3441471367987,879.1293561951388,1967.21479094166,4821.168450135301,-1974.8243029985024,100.82,,101.0,100.3,100.0,25286.3775834946,9056.506719014838,16229.87086447976,24762.1004310505,524.2771524440977,0.9599999999999936,1.1099999999999994,0.5999999999999943,-0.005158817985865483,0.02174284960472228,0.02174284960472228,0.030262440305916627,0.014616434169156811,-0.07549444648245274,0.3377475064417297,0.017274901757312833,-0.012770989223438889,False,False,False,False,False,False,False,False,False,False,True
2022-01-01,0.9899999999999948,13200.0,1.881220883159962,36009.0,4.150608527055866,36009.0,4.150608527055866,12.474296593668832,83762.0,4.207284615083395,8.286249999999999,8.2625,8.5,9.77,11.5,8.09,7.67,76.59474666666667,3.758566030615018,84.72714285714285,12.911555091141658,634.1,0.5534923595025276,0.9414,4.4,55717.0,11.798945716085283,,0.5999999999999943,0.4000000000000057,2.8599999999999994,135.69780588364443,1.466849020888894,16.705,13.7279,2088.81280417342,794.5187935258201,1294.2940106476,1832.66535022049,256.14745395292994,100.99,,100.6,100.4,102.86,2088.81280417342,794.5187935258201,1294.2940106476,1832.66535022049,256.14745395292994,0.8199999999999932,0.9599999999999936,1.1099999999999994,0.01881220883159962,0.04150608527055866,0.04150608527055866,0.042072846150833954,0.03758566030615018,0.12911555091141658,-0.33634659382352083,0.005534923595025276,0.01466849020888894,False,False,False,False,False,False,False,False,False,False,False
2022-02-01,1.1700000000000017,13027.0,-1.319270287689811,35897.0,-0.3115180668480377,35897.0,-0.3115180668480377,13.003146155315726,83995.0,0.2777829239024143,9.565263157894735,9.514736842105265,9.575,10.53,11.39,8.63,8.13,77.16937368421053,0.7474171364215465,92.491,8.767533340330935,629.4,-0.7439686075679575,-1.0967,4.1,57344.0,11.276243940447728,,0.7000000000000028,0.5999999999999943,0.0799999999999983,141.6697709529155,4.306839479007163,17.1443,13.5372,2116.7105247667205,971.68277837693,1145.02774638979,1835.51860891978,281.19191584694045,101.17,,100.7,100.6,100.08,4205.52332894014,1766.2015719027502,2439.32175703739,3668.18395914027,537.3393697998704,0.9899999999999948,0.8199999999999932,0.9599999999999936,-0.01319270287689811,-0.0031151806684803773,-0.0031151806684803773,0.0027778292390241432,0.007474171364215465,0.08767533340330935,0.02878291052204851,-0.007439686075679575,0.04306839479007163,True,False,False,False,False,False,False,False,False,False,False
2022-03-01,7.609999999999999,13913.0,6.579952814431245,37248.0,3.694452556613648,37248.0,3.694452556613648,14.693699878675304,85635.0,1.933680482215472,19.873636363636365,20.032727272727275,20.0,13.15,11.41,16.14,9.63,103.47004545454546,29.32794905346059,107.73260869565216,15.254096925271732,604.4,-4.053075423172192,-8.0405,4.1,66757.0,18.99512903775573,,1.5999999999999943,1.5,3.3700000000000045,160.22445466222428,12.3076881184633,16.313,18.3345,2957.5991302128195,1208.1021657055314,1749.496964507288,2191.4512191155804,766.1479110972391,107.61,,101.6,101.5,103.37,7163.12245915296,2974.3037376082816,4188.818721544678,5859.63517825585,1303.4872808971097,1.1700000000000017,0.9899999999999948,0.8199999999999932,0.06579952814431245,0.03694452556613648,0.03694452556613648,0.01933680482215472,0.2932794905346059,0.15254096925271643,0.15199094334339236,-0.04053075423172192,0.123076881184633,False,True,False,False,False,False,False,False,False,False,False
2022-04-01,1.5600000000000025,13834.0,-0.5694324681346785,34873.0,-6.588536128213463,34873.0,-6.588536128213463,7.980855200673531,85495.0,-0.1636183383775247,17.08047619047619,17.126666666666665,17.857142857142858,12.9,15.2,12.84,9.31,77.89918636363636,-28.38666467222684,104.98190476190476,-2.586431203497952,593.1,-1.8873211553903424,-2.1051,4.0,62269.0,9.520740521139892,,1.0999999999999943,2.0999999999999943,0.3199999999999932,158.79942040312292,-0.8933774857692534,19.9242,12.5387,2870.6688118736392,1812.3717904704467,1058.297021403193,3009.76752844948,-139.09871657584063,101.56,,101.1,102.1,100.32,10033.7912710266,4786.675528078728,5247.115742947871,8869.40270670533,1164.3885643212689,7.609999999999999,1.1700000000000017,0.9899999999999948,-0.005694324681346785,-0.06588536128213462,-0.06588536128213462,-0.001636183383775247,-0.28386664672226836,-0.02586431203497863,-0.06959545103792308,-0.018873211553903424,-0.008933774857692534,False,False,True,False,False,False,False,False,False,False,False
2022-05-01,0.1200000000000045,13518.0,-2.310719950023099,34269.0,-1.7471735406918043,34269.0,-1.7471735406918043,3.6824916017222256,83695.0,-2.1278656145973684,13.253333333333334,13.297777777777778,13.5,11.97,15.14,10.36,8.2,63.3127411764706,-20.73289168919379,108.56454545454544,3.355688538106349,589.6,-0.5918677969554587,-1.5265,3.9,62457.0,10.607771047813763,,0.5999999999999943,-1.0999999999999943,-1.6800000000000068,158.6922950139432,-0.067482323502066,25.0926,11.4809,2008.949501443969,871.3808706492891,1137.5686307946798,1584.2496943017504,424.69980714221856,100.12,,100.6,98.9,98.32,12042.740772470568,5658.0563987280175,6384.684373742551,10453.65240100708,1589.0883714634874,1.5600000000000025,7.609999999999999,1.1700000000000017,-0.02310719950023099,-0.017471735406918043,-0.017471735406918043,-0.021278656145973684,-0.207328916891937,0.033556885381063495,0.003014610303811338,-0.005918677969554587,-0.0006748232350206607,False,False,False,True,False,False,False,False,False,False,False
2022-06-01,-0.3499999999999943,13234.0,-2.1232855088294755,34720.0,1.3074734372230168,34720.0,1.3074734372230168,4.244942213314751,82927.0,-0.9218535833227292,9.634761904761904,9.632857142857144,10.071428571428571,9.71,13.9,8.54,8.52,57.17855714285714,-10.190763832660998,113.0981818181818,4.091142202851739,586.1,-0.595391739274298,1.5106,3.9,66572.0,12.444838313391848,,0.7000000000000028,-1.7999999999999972,4.25,155.66312893928134,-1.9272833274542656,23.7095,12.3659,1974.376419193832,717.8825050162131,1256.4939141776183,2081.14402173712,-106.76760254328838,99.65,,100.7,98.2,104.25,14017.1171916644,6375.938903744231,7641.178287920169,12534.7964227442,1482.320768920199,0.1200000000000045,1.5600000000000025,7.609999999999999,-0.021232855088294755,0.013074734372230168,0.013074734372230168,-0.009218535833227293,-0.10190763832661087,0.040911422028517386,0.06380574876273393,-0.00595391739274298,-0.019272833274542656,False,False,False,False,True,False,False,False,False,False,False
2022-07-01,-0.3900000000000005,13293.0,0.4448305295595034,36458.0,4.8845023318579095,36458.0,4.8845023318579095,7.706198429643685,80802.0,-2.595898502539562,8.9,8.903809523809523,9.142857142857142,9.75,12.56,8.21,7.44,58.2214,1.8074031770067835,100.07714285714285,-12.231498995327428,571.2,-2.575101245700928,5.8822,3.9,62200.0,11.99356724607945,,0.2000000000000028,-1.2000000000000028,17.799999999999997,141.60507728200506,-9.46522053142962,22.1776,10.8218,1757.2527483338,774.3742519145899,982.8784964192108,2682.1201864003,-924.8674380664996,99.61,,100.2,98.8,117.8,15774.3699399982,7150.3131556588205,8624.05678433938,15216.9166091445,557.4533308536993,-0.3499999999999943,0.1200000000000045,1.5600000000000025,0.004448305295595034,0.048845023318579095,0.048845023318579095,-0.02595898502539562,0.018074031770067833,-0.12231498995327428,-0.06792906897934614,-0.02575101245700928,-0.09465220531429619,False,False,False,False,False,True,False,False,False,False,False
2022-08-01,-0.519999999999996,13391.0,0.7345258627966089,37646.0,3.2065793791257846,37646.0,3.2065793791257846,11.611426466867592,83829.0,3.6777291978921767,7.938695652173913,7.94695652173913,8.0,8.46,12.26,7.76,6.75,60.39191818181818,3.660230630360495,95.9982608695652,-4.161124179972564,566.8,-0.7732903208848896,6.5522,3.8,59907.0,13.474591598993868,,0.7000000000000028,-1.2000000000000028,0.2399999999999948,138.69153831893465,-2.07897187416366,20.5294,11.9815,1832.184414661402,668.0718098320267,1164.1126048293736,2097.7848401271985,-265.60042546579643,99.48,,100.7,98.8,100.24,17606.5543546596,7818.384965490847,9788.169389168754,17314.7014492717,291.85290538790287,-0.3900000000000005,-0.3499999999999943,0.1200000000000045,0.007345258627966089,0.032065793791257846,0.032065793791257846,0.03677729197892177,0.03660230630360495,-0.04161124179972564,-0.03756164001576856,-0.007732903208848896,-0.020789718741636598,False,False,False,False,False,False,True,False,False,False,False
2022-09-01,0.0499999999999971,13482.0,0.6772622917818438,39016.0,3.574511150576498,39016.0,3.574511150576498,14.4695148679995,85693.0,2.199213231279096,7.678181818181818,7.691363636363636,7.772727272727272,8.79,11.8,7.99,7.05,59.82150000000001,-0.9490162938203816,88.72090909090909,-7.883448563056117,540.7,-4.714191142856627,6.4773,3.9,61879.0,12.35548440451133,,0.2000000000000028,-0.9000000000000057,0.2399999999999948,137.33160413680997,-0.9853849021163265,21.5158,12.4884,2132.6827410195256,688.2024476752622,1444.4802933442645,2221.883889382701,-89.20114836317589,100.05,,100.2,99.1,100.24,19739.237095679127,8506.58741316611,11232.649682513018,19536.5853386544,202.65175702472695,-0.519999999999996,-0.3900000000000005,-0.3499999999999943,0.006772622917818438,0.03574511150576498,0.03574511150576498,0.021992132312790957,-0.009490162938203817,-0.07883448563056117,0.032387505534643424,-0.047141911428566274,-0.009853849021163263,False,False,False,False,False,False,False,True,False,False,False
2022-10-01,0.1800000000000068,14175.0,5.012438718256895,40602.0,3.984550807039078,40602.0,3.984550807039078,17.928199592750893,86138.0,0.5179519351568018,7.672380952380952,7.717142857142857,7.5,9.07,12.06,8.29,7.25,61.11584285714286,2.140599835118717,91.08666666666666,2.631584451108182,550.1,1.7235483493453607,-2.9625,3.9,62470.0,13.375552531201151,,0.5,-1.0999999999999943,-1.6299999999999957,136.66577500353668,-0.4860122720731219,18.2444,12.8386,2400.229727407972,1281.668987227451,1118.5607401807229,2248.198994455899,152.03073295207287,100.18,,100.5,98.9,98.37,22139.4668230871,9788.25640039356,12351.21042269374,21784.7843331103,354.68248997679984,0.0499999999999971,-0.519999999999996,-0.3900000000000005,0.05012438718256895,0.03984550807039078,0.03984550807039078,0.005179519351568018,0.021405998351187172,0.02631584451108182,0.009505576241471303,0.017235483493453607,-0.004860122720731219,False,False,False,False,False,False,False,False,True,False,False
2022-11-01,0.3700000000000045,14670.0,3.4324742541075537,41323.0,1.7601919203574568,41323.0,1.7601919203574568,20.08992733456818,86656.0,0.5995596510514289,7.314285714285714,7.333333333333333,7.5,8.62,12.14,7.78,7.27,60.85299523809524,-0.4310084937409364,89.88136363636363,-1.332081529604956,567.5,3.1140669474145177,-3.2972,3.7,63060.0,12.520225990470736,,0.5999999999999943,-0.7000000000000028,-0.0499999999999971,135.97859321247356,-0.5040876147130113,17.6304,12.2257,2640.364999844201,866.4359984971234,1773.9290013468762,2252.2797936725,388.08520617170143,100.37,,100.6,99.3,99.95,24779.8318229313,10654.692398890684,14125.139424040615,24037.0641267828,742.7676961485013,0.1800000000000068,0.0499999999999971,-0.519999999999996,0.03432474254107554,0.017601919203574568,0.017601919203574568,0.0059955965105142894,-0.004310084937409364,-0.01332081529604956,0.009400212611435421,0.031140669474145177,-0.005040876147130113,False,False,False,False,False,False,False,False,False,True,False
2022-12-01,0.7800000000000011,14740.0,0.4760294606299453,41485.0,0.3912670434530696,41485.0,0.3912670434530696,18.306909417549026,87797.0,1.3081073642636554,7.310454545454546,7.319047619047619,7.5,8.56,11.56,8.45,7.28,65.81498695652174,7.838653616649793,81.62857142857143,-9.631127820482275,577.5,1.7467693040390309,-5.4559,3.7,88468.0,12.600900405253768,,0.4000000000000057,-0.5999999999999943,0.8499999999999943,133.09893257721535,-2.1404764833925505,16.2935,12.1275,3044.56109166014,931.5236122702464,2113.0374793898936,7081.851245497699,-4037.290153837559,100.78,,100.4,99.4,100.85,27824.39291459144,11586.21601116093,16238.17690343051,31118.9153722805,-3294.522457689058,0.3700000000000045,0.1800000000000068,0.0499999999999971,0.004760294606299453,0.003912670434530696,0.003912670434530696,0.013081073642636554,0.07838653616649793,-0.09631127820482277,0.33855425058956,0.01746769304039031,-0.021404764833925505,False,False,False,False,False,False,False,False,False,False,True
2023-01-01,0.8400000000000034,15436.0,4.61375569141822,44019.0,5.9289442777190615,44019.0,5.9289442777190615,20.085245168212214,94715.0,7.584505108785144,6.997647058823529,7.0,7.5,8.23,13.18,6.71,7.12,68.875975,4.545984575936046,83.92619047619048,2.775838702491296,597.7,3.4380513434260074,-1.3576,3.6,63260.0,12.696791104708716,,0.4200000000000017,0.0999999999999943,3.4000000000000057,131.4298765234223,-1.2619254655551693,14.8503,11.6154,,,,,,100.84,,100.42,100.1,103.4,,,,,,0.7800000000000011,0.3700000000000045,0.1800000000000068,0.0461375569141822,0.059289442777190615,0.059289442777190615,0.07584505108785145,0.04545984575936046,0.027758387024912956,-0.33538768682897135,0.034380513434260074,-0.012619254655551693,False,False,False,False,False,False,False,False,False,False,False
2023-02-01,0.4599999999999937,15361.0,-0.4870613908364518,44965.0,2.1263050473040224,44965.0,2.1263050473040224,22.52306828236428,94496.0,-0.2314877018729788,7.113333333333333,7.135000000000001,7.5,8.95,12.45,7.33,7.06,72.78275000000001,5.517155312323574,83.048,-1.0518973875328186,580.7,-2.88546834522041,-0.6912,3.5,65094.0,12.676416171590432,,0.4899999999999949,0.2000000000000028,0.9000000000000057,130.7331631955989,-0.5315127325211222,15.0134,12.1595,,,,,,100.46,,100.49,100.2,100.9,,,,,,0.8400000000000034,0.7800000000000011,0.3700000000000045,-0.004870613908364518,0.021263050473040224,0.021263050473040224,-0.0023148770187297885,0.05517155312323574,-0.010518973875328186,0.028579161190865676,-0.0288546834522041,-0.005315127325211222,True,False,False,False,False,False,False,False,False,False,False
2023-03-01,0.3700000000000045,15577.0,1.3963637577459664,45621.0,1.4483727459952078,45621.0,1.4483727459952078,20.27698847174584,97055.0,2.672032256154111,7.354090909090909,7.33909090909091,7.5,8.88,12.43,7.51,7.38,76.10358636363637,4.461641416724849,78.7604347826087,-5.300797978725402,593.9,2.2476682643810086,9.4485,3.5,71334.0,6.631391140860465,,-0.019999999999996,-0.2000000000000028,0.0999999999999943,127.98604812676368,-2.123706471364084,14.2772,10.7132,5678.939682499364,1634.87175216404,4044.06793033532,7764.69784191957,-2085.7581594202065,100.37,,99.98,99.8,100.1,5678.939682499364,1634.87175216404,4044.06793033532,7764.69784191957,-2085.7581594202065,0.4599999999999937,0.8400000000000034,0.7800000000000011,0.013963637577459664,0.014483727459952078,0.014483727459952078,0.02672032256154111,0.044616414167248486,-0.05300797978725402,0.09154069303609269,0.022476682643810086,-0.02123706471364084,False,True,False,False,False,False,False,False,False,False,False
2023-04-01,0.3799999999999954,15820.0,1.5479494995039644,45350.0,-0.5957960265284612,45350.0,-0.5957960265284612,26.26972857343084,97775.0,0.7391092518524545,7.1595,7.149500000000001,7.5,9.11,12.45,7.5,7.44,80.99554285714287,6.22987359601801,83.2642105263158,5.560803720258711,598.9,0.838368424860203,14.337,3.3,71204.0,13.40852869572533,,0.5400000000000063,0.0999999999999943,8.099999999999994,128.3884752652535,0.3139371757229448,14.8917,10.3542,2106.167321002704,647.4591703776607,1458.708150625053,3069.819451715729,-963.6521307130251,100.38,,100.54,100.1,108.1,7785.1070035020675,2282.3309225417006,5502.776080960372,10834.5172936353,-3049.410290133232,0.3700000000000045,0.4599999999999937,0.8400000000000034,0.015479494995039644,-0.005957960265284612,-0.005957960265284612,0.007391092518524545,0.062298735960180096,0.05560803720258711,-0.0018240754892744349,0.00838368424860203,0.0031393717572294477,False,False,True,False,False,False,False,False,False,False,False
2023-05-01,0.3100000000000023,16242.0,2.632551752071066,45759.0,0.8978317124759272,45759.0,0.8978317124759272,28.91473382659857,97850.0,0.0766773200506776,7.251,7.211499999999999,7.5,9.09,12.68,7.26,7.29,79.2125947368421,-2.2258816070992893,75.60217391304347,-9.6533773070683,586.3,-2.1263035300247424,10.1623,3.2,72851.0,15.39379394212208,,0.4899999999999949,-2.4000000000000057,-0.0999999999999943,124.46266276043217,-3.105485730642066,14.1135,10.8053,2033.6226482070035,570.7110598236,1462.9115883833983,2013.7455804766012,19.877067730401905,100.31,,100.49,97.6,99.9,9818.72965170907,2853.041982365301,6965.687669343771,12848.2628741119,-3029.53322240283,0.3799999999999954,0.3700000000000045,0.4599999999999937,0.026325517520710662,0.008978317124759272,0.008978317124759272,0.0007667732005067762,-0.022258816070992893,-0.096533773070683,0.02286726276777884,-0.021263035300247424,-0.031054857306420658,False,False,False,True,False,False,False,False,False,False,False
2023-06-01,0.3700000000000045,16486.0,1.4911056030816994,47519.0,3.774113737601681,47519.0,3.774113737601681,31.381374126977235,99239.0,1.4095388348723148,7.331904761904762,7.292857142857143,7.5,9.47,12.51,7.54,7.33,83.31933333333333,5.05453044481472,74.97,-0.8397004720624324,582.4,-0.6674107087692782,11.4439,3.1,76604.0,14.036522597983314,,0.730000000000004,-0.7000000000000028,0.2000000000000028,123.0074423593665,-1.1760912891280562,13.8695,10.1907,2562.858207285446,528.5712557208399,2034.2869515645843,1883.4855525876992,679.3726546977468,100.37,,100.73,99.3,100.2,12381.587858994517,3381.6132380861404,8999.974620908355,14731.7484266996,-2350.160567705083,0.3100000000000023,0.3799999999999954,0.3700000000000045,0.014911056030816994,0.03774113737601681,0.03774113737601681,0.014095388348723148,0.0505453044481472,-0.008397004720624324,0.050233035321346264,-0.006674107087692782,-0.011760912891280562,False,False,False,False,True,False,False,False,False,False,False
2023-07-01,0.6299999999999955,16921.0,2.6043918195453486,48448.0,1.9361426753061293,48448.0,1.9361426753061293,28.43301447042545,100919.0,1.6787132694270568,7.827142857142857,7.83047619047619,7.785714285714286,9.37,12.33,6.9,7.46,90.4740476190476,8.23824278595513,79.7395238095238,6.167733663113939,594.0,1.972182248016896,11.2886,3.0,71419.0,13.820894064294365,,0.5300000000000011,0.2999999999999971,3.299999999999997,124.35991296032483,1.09350247607507,13.809,11.0586,2143.877481021489,811.308909076271,1332.568571945234,2381.628310996901,-237.75082997541176,100.63,,100.53,100.3,103.3,14525.465340016006,4192.922147162411,10332.543192853587,17113.3767376965,-2587.9113976804947,0.3700000000000045,0.3100000000000023,0.3799999999999954,0.026043918195453486,0.019361426753061295,0.019361426753061295,0.016787132694270568,0.0823824278595513,0.06167733663113939,-0.07008535431623564,0.01972182248016896,0.0109350247607507,False,False,False,False,False,True,False,False,False,False,False
2023-08-01,0.2800000000000011,17246.0,1.9024778443643695,49517.0,2.182498714302028,49517.0,2.182498714302028,27.4089338056017,102687.0,1.7367311758739843,10.331304347826087,10.339565217391304,10.478260869565217,11.24,12.12,8.79,8.36,95.28534782608696,5.181300800967215,84.46652173913044,5.758989327573261,580.5,-2.2989518224698635,10.2813,3.0,69439.0,14.765530959737738,,0.6299999999999955,2.0999999999999943,0.2000000000000028,121.79858561713716,-2.081114241981652,13.4613,11.5194,2466.071091777296,642.701026188648,1823.370065588817,2006.3450858713004,459.7260059059954,100.28,,100.63,102.1,100.2,16991.5364317933,4835.623173351059,12155.913258442406,19119.7218235678,-2128.1853917744997,0.6299999999999955,0.3700000000000045,0.3100000000000023,0.019024778443643697,0.02182498714302028,0.02182498714302028,0.017367311758739845,0.051813008009672146,0.057589893275732607,-0.028115271061334823,-0.022989518224698635,-0.02081114241981652,False,False,False,False,False,False,True,False,False,False,False
2023-09-01,0.8700000000000045,17378.0,0.7624805886882413,49711.0,0.3910191622964021,49711.0,0.3910191622964021,24.2254418173216,105446.0,2.651344689199142,12.28095238095238,12.22857142857143,12.476190476190476,12.01,12.25,12.57,9.46,96.62225909090908,1.3933089096574314,90.77904761904765,7.207324246362479,568.4,-2.1064404915001056,9.2139,3.0,70922.0,13.639981633398612,,0.7800000000000011,2.0999999999999943,0.2000000000000028,121.66964695848252,-0.1059182706055317,13.7535,11.7208,2742.9343841288974,739.8568483172694,2003.077535811437,2064.8760802184006,678.0583039104968,100.87,,100.78,102.1,100.2,19734.4708159222,5575.480021668329,14158.990794253845,21184.5979037862,-1450.1270878640023,0.2800000000000011,0.6299999999999955,0.3700000000000045,0.007624805886882413,0.003910191622964021,0.003910191622964021,0.02651344689199142,0.013933089096574314,0.07207324246362479,0.021132012271252165,-0.021064404915001056,-0.0010591827060553172,False,False,False,False,False,False,False,True,False,False,False
2023-10-01,0.8299999999999983,17350.0,-0.1612532024147128,48985.0,-1.471210778436216,48985.0,-1.471210778436216,18.76968023184631,106149.0,0.6644793937898186,13.07681818181818,13.032727272727271,13.181818181818182,12.48,13.37,13.6,10.14,97.12228095238096,0.5161672907299852,87.03318181818182,-4.213905973646881,575.5,1.2413831938991926,4.3935,2.9,73830.0,16.707871156559406,,0.9300000000000068,3.4000000000000057,-7.0,120.72453036002508,-0.7798218574890825,13.8604,11.165,3372.881286984873,1634.6223271317522,1738.258959853094,2972.6324388791,400.2488481057735,100.83,,100.93,103.4,93.0,23107.352102907076,7210.102348800081,15897.249754106935,24157.2303426653,-1049.878239758229,0.8700000000000045,0.2800000000000011,0.6299999999999955,-0.0016125320241471286,-0.01471210778436216,-0.01471210778436216,0.006644793937898186,0.005161672907299852,-0.04213905973646881,0.04018447147307924,0.012413831938991926,-0.007798218574889937,False,False,False,False,False,False,False,False,True,False,False
2023-11-01,1.1099999999999994,17214.0,-0.7869500165584853,48630.0,-0.7273504380911788,48630.0,-0.7273504380911788,16.282137873397673,106005.0,-0.1357504662781394,14.786666666666664,14.797619047619047,15.0,12.46,13.5,15.07,12.4,90.41279047619048,-7.158506799546593,81.645,-6.390886559472531,587.5,2.0637017856376616,2.6856,2.9,73383.0,15.160564704893886,,0.7600000000000051,2.200000000000003,4.299999999999997,120.60622410101108,-0.0980449166168462,15.119,12.1777,2856.6762233033114,1016.0971065230278,1840.5791167802652,2554.4936981022984,302.18252520101305,101.11,,100.76,102.2,104.3,25964.028326210384,8226.199455323109,17737.828870887202,26711.7240407676,-747.695714557216,0.8299999999999983,0.8700000000000045,0.2800000000000011,-0.007869500165584853,-0.007273504380911788,-0.007273504380911788,-0.0013575046627813947,-0.07158506799546593,-0.0639088655947253,-0.006072851905219778,0.020637017856376616,-0.0009804491661693504,False,False,False,False,False,False,False,False,False,True,False
2023-12-01,0.730000000000004,16873.0,-2.000829501108292,47883.0,-1.5480089047162693,47883.0,-1.5480089047162693,14.342861925228334,106828.0,0.7733801638662996,15.18190476190476,15.1325,15.476190476190476,14.09,13.62,15.41,11.9,90.81718636363637,0.4462799870962541,77.3135,-5.4511995966218585,599.3,1.9886061445825831,-0.6332,3.0,103815.0,15.996956425546216,,0.7099999999999937,1.7000000000000028,2.5,119.06942919244582,-1.282413085309475,17.0401,14.2423,3160.0215882813573,596.051990141701,2563.969598139738,5642.123141518798,-2482.1015532374404,100.73,,100.71,101.7,102.5,29124.04991449174,8822.25144546481,20301.79846902694,32353.8471822864,-3229.7972677946564,1.1099999999999994,0.8299999999999983,0.8700000000000045,-0.02000829501108292,-0.015480089047162693,-0.015480089047162693,0.007733801638662996,0.004462799870962542,-0.054511995966218585,0.3469181677960833,0.01988606144582583,-0.01282413085309475,False,False,False,False,False,False,False,False,False,False,True
2024-01-01,0.8599999999999994,17134.0,1.5350082325651826,49686.0,3.696266791108727,49686.0,3.696266791108727,12.110184438618,112483.0,5.158203466533884,15.682941176470589,15.694705882352942,16.0,14.34,17.5,15.84,12.19,88.6802875,-2.381091809260916,78.79363636363637,1.896365220812779,587.8,-1.937555347932296,2.4411,2.9,75034.0,17.06881262676294,,0.519999999999996,-0.5,2.5999999999999943,117.64823715481582,-1.200763031774521,16.337,12.7157,2397.3213192592834,675.2266839795302,1722.094635279751,2521.2907484577004,-123.96942919841696,100.86,,100.52,99.5,102.6,2397.3213192592834,675.2266839795302,1722.094635279751,2521.2907484577004,-123.96942919841696,0.730000000000004,1.1099999999999994,0.8299999999999983,0.015350082325651826,0.036962667911087266,0.036962667911087266,0.05158203466533884,-0.023810918092609157,0.01896365220812779,-0.3246691248168041,-0.01937555347932296,-0.01200763031774521,False,False,False,False,False,False,False,False,False,False,False
2024-02-01,0.6800000000000068,16756.0,-2.23083904570629,48595.0,-2.220255832418516,48595.0,-2.220255832418516,7.76362355889546,111777.0,-0.6296284066170443,15.793,15.8285,16.0,14.89,18.51,11.93,11.78,91.518255,3.150083384254198,80.65142857142857,2.330428084107883,582.0,-0.9916306253378692,1.1798,2.8,78432.0,18.63996282773321,,0.6099999999999994,0.9000000000000057,0.5,117.448709613027,-0.1697406899054954,15.1904,11.8985,2630.4878860484464,945.58237296751,1684.9055130809334,3636.76093832543,-1006.2730522769834,100.68,,100.61,100.9,100.5,5027.80920530773,1620.80905694704,3407.0001483606843,6158.05168678313,-1130.2424814754004,0.8599999999999994,0.730000000000004,1.1099999999999994,-0.0223083904570629,-0.022202558324185162,-0.022202558324185162,-0.006296284066170443,0.031500833842541986,0.023304280841078828,0.0442906632005684,-0.009916306253378693,-0.001697406899054954,True,False,False,False,False,False,False,False,False,False,False
2024-03-01,0.3900000000000005,16709.0,-0.2808906672782996,49369.0,1.5802051894480584,49369.0,1.5802051894480584,7.895456002348311,113845.0,1.8332059061370032,15.5505,15.594,16.0,15.0,17.37,11.52,12.23,91.73163333333332,0.2328824663532458,84.16818571428571,4.268049033770183,589.4,1.2634622572155862,13.3032,2.7,87740.0,20.70048236336053,,0.1500000000000056,-0.7999999999999972,-0.0999999999999943,118.94674437043132,1.2674142290264534,14.8499,11.4659,3693.831602659152,1307.5420893894493,2386.2895132697063,2858.9266716271995,834.9049310319524,100.39,,100.15,99.2,99.9,8721.640807966882,2928.3511463364894,5793.289661630391,9016.97835841033,-295.337550443448,0.6800000000000068,0.8599999999999994,0.730000000000004,-0.002808906672782996,0.015802051894480584,0.015802051894480584,0.018332059061370032,0.0023288246635324583,0.042680490337701826,0.11214588839236583,0.012634622572155862,0.012674142290264534,False,True,False,False,False,False,False,False,False,False,False
2024-04-01,0.5,16622.0,-0.5220377281171196,49338.0,-0.0628121633100775,49338.0,-0.0628121633100775,8.428439865566695,114106.0,0.2289966826692691,15.702380952380953,15.701428571428572,16.0,14.9,17.1,11.74,12.76,92.95856666666668,1.3286588923985043,88.76607083333333,5.318748379979876,596.8,1.2476978585956644,15.8611,2.6,83875.0,16.37785986766591,,0.7099999999999937,-0.5,8.700000000000003,119.24981652077558,0.2544724514565999,14.4027,10.9688,,,,,,100.5,,100.71,99.5,108.7,,,,,,0.3900000000000005,0.6800000000000068,0.8599999999999994,-0.005220377281171196,-0.0006281216331007755,-0.0006281216331007755,0.002289966826692691,0.013286588923985043,0.05318748379979876,-0.045050300446220604,0.012476978585956644,0.002544724514565999,False,False,True,False,False,False,False,False,False,False,False
2024-05-01,0.7399999999999949,16738.0,0.6954464479846934,50119.0,1.570560249708386,50119.0,1.570560249708386,9.101168402799154,117597.0,3.013568399823363,16.008000000000003,15.9475,16.0,14.53,16.7,14.96,11.43,90.60715263157894,-2.5620716865425663,82.94485652173913,-6.782848403201758,599.0,0.3679549225898526,13.2885,2.6,86384.0,17.03862140929644,,0.6800000000000068,-1.7000000000000028,-0.2000000000000028,120.48915811885604,1.033918360800001,14.0311,11.7072,5570.4577688668505,2022.6824762969309,3547.775292569905,6005.513482346471,-435.05571347962,100.74,,100.68,98.3,99.8,14292.098576833732,4951.03362263342,9341.064954200296,15022.4918407568,-730.3932639230679,0.5,0.3900000000000005,0.6800000000000068,0.0069544644798469335,0.01570560249708386,0.01570560249708386,0.03013568399823363,-0.025620716865425663,-0.06782848403201758,0.02947487818408412,0.0036795492258985263,0.010339183608000013,False,False,False,True,False,False,False,False,False,False,False
2024-06-01,0.6400000000000006,16751.0,0.0776374370868637,49987.0,-0.2637206091611332,49987.0,-0.2637206091611332,5.063334056036339,116959.0,-0.5440078901738588,15.734210526315788,15.651052631578947,16.0,14.54,15.4,18.39,13.43,87.75688,-3.196289347027204,82.79323500000001,-0.182965258794443,590.5,-1.4291962478032438,13.1727,2.4,89145.0,15.161496278242126,,0.8100000000000023,-0.5999999999999943,-0.0999999999999943,120.9906702556396,0.4153662533261659,14.4216,11.9129,,,,,,100.64,,100.81,99.4,99.9,,,,,,0.7399999999999949,0.5,0.3900000000000005,0.0007763743708686377,-0.0026372060916113327,-0.0026372060916113327,-0.0054400789017385875,-0.031962893470272036,-0.0018296525879444303,0.03146178401080313,-0.014291962478032438,0.0041536625332616595,False,False,False,False,True,False,False,False,False,False,False
2024-07-01,1.1400000000000006,16706.0,-0.2690021647834939,50277.0,0.578474444855992,50277.0,0.578474444855992,3.705665825586202,116809.0,-0.1283323813236592,16.16217391304348,16.113478260869567,16.26086956521739,14.97,19.19,13.36,16.31,87.49164999999999,-0.3026903592358465,83.82896956521739,1.2432291462094014,606.7,2.7064799310835497,11.8828,2.4,85017.0,17.428729610490556,,0.8299999999999983,-1.2000000000000028,5.900000000000006,120.87563944840365,-0.0951193376620196,14.2425,12.4143,5460.959592386369,1825.8572590817892,3635.1023333045687,5828.8809327278,-367.92134034143055,101.14,,100.83,98.8,105.9,19753.0581692201,6776.89088171521,12976.167287504864,20851.3727734846,-1098.3146042644985,0.6400000000000006,0.7399999999999949,0.5,-0.0026900216478349392,0.00578474444855992,0.00578474444855992,-0.001283323813236592,-0.0030269035923584653,0.012432291462094014,-0.04741302099375133,0.027064799310835497,-0.0009511933766193081,False,False,False,False,False,True,False,False,False,False,False
2024-08-01,0.2000000000000028,16782.0,0.4538947114161473,51098.0,1.6197641429615215,51098.0,1.6197641429615215,3.1429312542456955,117931.0,0.9559585452393548,17.76090909090909,17.74318181818182,18.0,15.16,19.34,19.76,16.93,89.16016086956522,1.8890952557051757,78.64999999999999,-6.377101711260735,613.5,1.1145829202713564,10.4823,2.4,82218.0,16.89255868653774,,0.5400000000000063,0.5999999999999943,0.4000000000000057,121.67446027762526,0.6586876017126819,14.9615,12.8889,3283.171930188102,778.5589168294409,2504.613013358681,2212.5030498706,1070.668880317502,100.2,,100.54,100.6,100.4,23036.230099408203,7555.449798544651,15480.780300863546,23063.8758233552,-27.64572394699644,1.1400000000000006,0.6400000000000006,0.7399999999999949,0.0045389471141614735,0.016197641429615217,0.016197641429615217,0.009559585452393549,0.018890952557051754,-0.06377101711260735,-0.03347698030086299,0.011145829202713564,0.006586876017125931,False,False,False,False,False,False,True,False,False,False,False
2024-09-01,0.480000000000004,16801.0,0.1131524999388844,50596.0,-0.9872835715166062,50596.0,-0.9872835715166062,1.7646285204326873,119978.0,1.7208684968629484,18.46,18.39047619047619,18.52380952380953,15.8,18.9,22.03,17.79,91.234505,2.2998857028778907,72.78415238095238,-7.750938507374627,633.6,3.22375763492504,7.1429,2.4,84324.0,17.308584040006636,,0.5600000000000023,1.7999999999999972,1.9000000000000057,124.58967284066782,2.367660048056841,14.3891,12.5205,,,,,,100.48,,100.56,101.8,101.9,,,,,,0.2000000000000028,1.1400000000000006,0.6400000000000006,0.0011315249993888443,-0.009872835715166062,-0.009872835715166062,0.017208684968629484,0.022998857028778907,-0.07750938507374627,0.025292265805941128,0.032237576349250396,0.02367660048056841,False,False,False,False,False,False,False,True,False,False,False
2024-10-01,0.75,16797.0,-0.0238109412400433,50832.0,0.46535557418661,50832.0,0.46535557418661,3.701194873055513,121762.0,1.4759927092956815,18.925217391304347,18.90217391304348,19.347826086956523,15.81,19.07,21.8,18.68,96.16022608695653,5.258265211363256,75.30956521739131,3.4108910427326222,628.5,-0.808181246991424,3.1813,2.3,86582.0,15.932678869905992,,0.7099999999999937,0.7000000000000028,-7.0,126.87890314572016,1.820739261321336,15.2845,13.4127,6642.563945227819,1983.71774862062,4658.84619660717,6490.7384470201,151.82549820771965,100.75,,100.71,100.7,93.0,29678.794044636023,9539.16754716527,20139.62649747072,29554.6142703753,124.1797742607232,0.480000000000004,0.2000000000000028,1.1400000000000006,-0.00023810941240043348,0.0046535557418661,0.0046535557418661,0.014759927092956815,0.052582652113632555,0.03410891042732622,0.0264254197720728,-0.00808181246991424,0.018207392613213358,False,False,False,False,False,False,False,False,True,False,False
2024-11-01,1.4300000000000068,16796.0,-0.0059536212917876,49592.0,-2.469654712754199,49592.0,-2.469654712754199,1.958890598392493,123407.0,1.3419516222366925,20.645714285714284,20.625714285714285,21.0,15.72,19.18,21.96,20.17,100.68745,4.600534241309084,73.28977619047619,-2.7186034677312065,614.1,-2.317824669494861,0.7372,2.3,86399.0,16.328380050310187,,0.6500000000000057,3.5999999999999943,0.4000000000000057,127.68853287482968,0.6360848595501345,15.2958,13.3667,,,,,,101.43,,100.65,103.6,100.4,,,,,,0.75,0.480000000000004,0.2000000000000028,-5.9536212917876696e-05,-0.02469654712754199,-0.02469654712754199,0.013419516222366923,0.046005342413090844,-0.027186034677312065,-0.002115840101177824,-0.023178246694948612,0.006360848595501345,False,False,False,False,False,False,False,False,False,True,False
2024-12-01,1.3199999999999932,16731.0,-0.3877476746421138,48530.0,-2.164736698249392,48530.0,-2.164736698249392,1.3421628048593703,126512.0,2.4849329372145235,21.14,21.126,21.0,14.56,19.22,23.35,20.87,102.25964761904764,1.549397936334529,73.07804545454546,-0.2893134313775469,611.3,-0.4569944300674144,-4.3708,2.3,128665.0,21.46016583830121,,0.6700000000000017,3.799999999999997,0.7000000000000028,127.30340926953562,-0.3020675044810517,15.8532,13.9412,7029.814909585679,1591.8935711409576,5437.921338444758,10625.887482337204,-3596.072572751524,101.32,,100.67,103.8,100.7,36708.6089542217,11131.061118306228,25577.547835915477,40180.5017527125,-3471.8927984908005,1.4300000000000068,0.75,0.480000000000004,-0.003877476746421138,-0.02164736698249392,-0.02164736698249392,0.024849329372145235,0.01549397936334529,-0.0028931343137754695,0.3982360256759936,-0.004569944300674145,-0.003020675044810517,False,False,False,False,False,False,False,False,False,False,True
2025-01-01,1.230000000000004,17274.0,3.193919478256824,51716.0,6.358504797518094,51716.0,6.358504797518094,4.004400811268738,131138.0,3.5913038513680107,20.79176470588235,20.815882352941177,21.0,17.2,22.38,23.2,19.93,100.412125,-1.8232176816282752,78.14833636363636,6.708078304073961,620.8,1.5421131834330026,-0.8245,2.4,88981.0,17.048151965016878,,0.7999999999999972,1.480000000000004,-4.5,124.65278402711756,-2.104114210925712,16.4462,14.033,2672.3638981212493,789.06221004522,1883.3016880760315,4138.63355108404,-1466.2696529627906,101.23,,100.8,101.48,95.5,2672.3638981212493,789.06221004522,1883.3016880760315,4138.63355108404,-1466.2696529627906,1.3199999999999932,1.4300000000000068,0.75,0.031939194782568237,0.06358504797518094,0.06358504797518094,0.03591303851368011,-0.018232176816282752,0.06708078304073961,-0.3687892635496475,0.015421131834330026,-0.021041142109257116,False,False,False,False,False,False,False,False,False,False,False
2025-02-01,0.8100000000000023,16807.0,-2.740701456366424,51065.0,-1.2667880362243975,51065.0,-1.2667880362243975,4.957868607462856,130438.0,-0.5352185758704664,20.812,20.826,21.0,16.64,20.18,21.43,19.76,92.742305,-7.945823381196781,74.8629,-4.295032820214217,632.4,1.8513136466308036,-0.8494,2.4,89646.0,13.363657375130169,,0.7999999999999972,1.2900000000000065,-1.4000000000000057,126.5985597130937,1.548898849713343,16.5055,13.7157,,,,,,100.81,,100.8,101.29,98.6,,,,,,1.230000000000004,1.3199999999999932,1.4300000000000068,-0.027407014563664234,-0.012667880362243977,-0.012667880362243977,-0.005352185758704664,-0.07945823381196782,-0.042950328202142174,0.007445717301701293,0.018513136466308033,0.015488988497133427,True,False,False,False,False,False,False,False,False,False,False
2025-03-01,0.6500000000000057,16635.0,-1.0286556823990267,51587.0,1.0170371731254235,51587.0,1.0170371731254235,4.3947005911402215,130221.0,-0.1665010992383031,21.334761904761905,21.36952380952381,21.0,18.68,20.33,19.51,18.78,86.02341428571428,-7.520521475226616,71.35952380952381,-4.7927625528704,645.6,2.0658011620422023,7.433,2.3,97645.0,10.696055699667896,,0.2999999999999971,-0.0600000000000022,-0.5999999999999943,127.23216950187272,0.4992390848371997,16.5151,12.9262,6382.692026665309,1852.5585821046293,4530.133444560672,6876.39857158986,-493.7065449245506,100.65,,100.3,99.94,99.4,9055.05592478656,2641.6207921498494,6413.435132636703,11015.0321226739,-1959.9761978873407,0.8100000000000023,1.230000000000004,1.3199999999999932,-0.010286556823990267,0.010170371731254235,0.010170371731254235,-0.0016650109923830314,-0.07520521475226616,-0.047927625528704,0.08546987163774311,0.020658011620422023,0.004992390848371997,False,True,False,False,False,False,False,False,False,False,False
2025-04-01,0.4000000000000057,16397.0,-1.4410518202709,51135.0,-0.8800508503339799,51135.0,-0.8800508503339799,3.577461904116319,128589.0,-1.261173549353778,21.06954545454545,21.10636363636364,21.0,16.71,18.83,19.8,18.28,83.4256,-3.0664301633649416,66.2104761904762,-7.489211414259422,677.8,4.867214221721117,10.1533,2.3,97375.0,14.92419088990662,,0.5999999999999943,-0.1299999999999954,8.700000000000003,128.16482570414158,0.7303612537680415,15.8557,13.1019,3224.417035533392,1085.6073033207504,2138.80973221266,4195.221115045799,-970.804079512407,100.4,,100.6,99.87,108.7,12279.47296031995,3727.2280954706,8552.244864849363,15210.2532377197,-2930.780277399748,0.6500000000000057,0.8100000000000023,1.230000000000004,-0.014410518202709,-0.008800508503339799,-0.008800508503339799,-0.012611735493537779,-0.030664301633649416,-0.07489211414259422,-0.0027689485438333605,0.04867214221721117,0.007303612537680415,False,False,True,False,False,False,False,False,False,False,False
2025-05-01,0.4300000000000068,16539.0,0.8622837007925099,51031.0,-0.2035903058208887,51031.0,-0.2035903058208887,1.8033113485870444,129461.0,0.6758405883539709,20.761666666666667,20.797222222222224,21.0,17.98,18.95,19.66,17.49,80.20483157894738,-3.937145951588761,63.85849090909091,-3.616914526545312,678.7,0.1326944536762297,7.4666,2.2,99422.0,14.05709436649829,,0.5999999999999943,-1.2000000000000028,0.0,127.07633698308577,-0.852915186741221,15.5394,13.4,2460.8666662077485,512.7143285871502,1948.152337620588,2559.241837772199,-98.37517156445028,100.43,,100.6,98.8,100.0,14740.3396265277,4239.94242405775,10500.39720246995,17769.495075491897,-3029.1554489641985,0.4000000000000057,0.6500000000000057,0.8100000000000023,0.0086228370079251,-0.0020359030582088877,-0.0020359030582088877,0.006758405883539709,-0.03937145951588761,-0.03616914526545312,0.020803912950000836,0.0013269445367622978,-0.008529151867411322,False,False,False,True,False,False,False,False,False,False,False
2025-06-01,0.2000000000000028,16507.0,-0.1936694910252612,51382.0,0.6854625376391255,51382.0,0.6854625376391255,2.752494495387303,129860.0,0.3077269599174315,20.026315789473685,20.082105263157896,20.25,16.67,18.71,18.33,17.55,78.66786111111111,-1.934905732634018,69.50333333333333,8.47051572826949,687.7,1.3173492616077809,5.7419,2.2,103183.0,14.623985330929834,,0.5,-0.6599999999999966,-0.0999999999999943,128.0829069768677,0.788978051214162,15.6556,13.0497,,,,,,100.2,,100.5,99.34,99.9,,,,,,0.4300000000000068,0.4000000000000057,0.6500000000000057,-0.001936694910252612,0.006854625376391255,0.006854625376391255,0.003077269599174315,-0.01934905732634018,0.0847051572826949,0.03713069365511856,0.013173492616077809,0.007889780512140732,False,False,False,False,True,False,False,False,False,False,False
2025-07-01,0.5699999999999932,16702.0,1.1743939365635114,52411.0,1.9828576384069765,52411.0,1.9828576384069765,4.156877688938288,130663.0,0.616454242379838,19.26608695652174,19.28391304347826,19.65217391304348,15.63,18.23,16.77,16.38,78.77240434782608,0.1328037040273955,69.47079130434783,-0.046831782053136,695.5,1.1278315037706932,5.7331,2.2,99305.0,15.534468575777185,,0.4000000000000057,-0.3599999999999994,4.900000000000006,129.78117884185113,1.317202753557467,15.0053,13.0479,5587.2376892681,1282.1013899718,4305.136299296299,7179.675319506903,-1592.4376302388027,100.57,,100.4,99.64,104.9,20327.5773157958,5522.04381402955,14805.53350176625,24949.1703949988,-4621.593079203001,0.2000000000000028,0.4300000000000068,0.4000000000000057,0.011743939365635114,0.019828576384069763,0.019828576384069763,0.00616454242379838,0.001328037040273955,-0.00046831782053136095,-0.038308188545277844,0.011278315037706932,0.01317202753557467,False,False,False,False,False,True,False,False,False,False,False
2025-08-01,-0.4000000000000057,16939.0,1.4090182873205848,52536.0,0.2382155928442486,52536.0,0.2382155928442486,2.7753291388210144,132246.0,1.2042335030166385,17.726666666666667,17.73333333333333,18.0,14.61,17.47,15.64,13.55,80.12778636363636,1.7059952947056978,67.2004761904762,-3.322606155899077,685.5,-1.448251236112874,6.378,2.1,92866.0,12.178333770881087,,0.4000000000000057,0.2800000000000011,0.2000000000000028,130.02179811826025,0.1852321694104652,16.0845,13.4838,3411.912879620715,504.9798841360507,2906.932995484598,2710.6482127233,701.2646668974157,99.6,,100.4,100.28,100.2,23739.490195416514,6027.023698165601,17712.466497250847,27659.8186077221,-3920.3284123055855,0.5699999999999932,0.2000000000000028,0.4300000000000068,0.014090182873205848,0.0023821559284424865,0.0023821559284424865,0.012042335030166385,0.017059952947056978,-0.03322606155899077,-0.06703832834982393,-0.014482512361128741,0.0018523216941046527,False,False,False,False,False,False,True,False,False,False,False
2025-09-01,0.3400000000000034,17154.0,1.2612726963984855,52882.0,0.6564367422146944,52882.0,0.6564367422146944,4.419049452552315,133832.0,1.1921457494674217,17.187727272727273,17.198636363636364,17.454545454545453,16.09,16.92,14.96,12.95,82.97080476190476,3.486610621615593,67.47969545454545,0.4146410874052542,713.3,3.975359028162373,3.5333,2.2,96182.0,13.157570797919504,,0.5999999999999943,-0.3799999999999954,0.5,128.6182091812746,-1.085371695237214,14.7022,12.6022,3214.025645051086,582.4632397637088,2631.562405287445,2764.3134544893,449.712190561786,100.34,,100.6,99.62,100.5,26953.5158404676,6609.4869379293095,20344.02890253829,30424.1320622114,-3470.6162217437995,-0.4000000000000057,0.5699999999999932,0.2000000000000028,0.012612726963984855,0.006564367422146944,0.006564367422146944,0.011921457494674215,0.034866106216155934,0.004146410874052542,0.03508463607632528,0.03975359028162373,-0.010853716952372139,False,False,False,False,False,False,False,True,False,False,False
2025-10-01,0.5,17276.0,0.7086872530225108,53020.0,0.2606184550060675,53020.0,0.2606184550060675,4.2143123333717725,135070.0,0.9207880543693036,16.48304347826087,16.49478260869565,16.891304347826086,15.32,16.57,15.39,12.12,80.92137391304348,-2.501080524765697,63.91347826086957,-5.429647800426807,725.8,1.7372405494977097,0.1736,2.2,99707.0,14.1143943364904,,0.5,-0.9099999999999966,-1.5,126.3719160743273,-1.761912320942827,14.0874,12.6062,2986.0033493615992,888.5972981302803,2097.406051231319,3457.6674830927004,-471.6641337311012,100.5,,100.5,99.09,98.5,29939.5191898292,7498.08423605959,22441.43495376961,33881.7995453041,-3942.2803554749007,0.3400000000000034,-0.4000000000000057,0.5699999999999932,0.007086872530225108,0.002606184550060675,0.002606184550060675,0.009207880543693037,-0.025010805247656975,-0.05429647800426807,0.035993655157781745,0.017372405494977095,-0.017619123209428267,False,False,False,False,False,False,False,False,True,False,False
2025-11-01,0.4200000000000017,17406.0,0.749671926886819,53430.0,0.7703185108800525,53430.0,0.7703185108800525,7.454285557006024,136911.0,1.3537917114684106,16.291052631578946,16.323684210526313,16.5,14.04,16.32,15.62,11.49,80.34382500000001,-0.7162752859237287,63.485535000000006,-0.6718181867810813,733.4,1.0416760858255714,-0.7337,2.1,98193.0,12.79588280549806,,0.5,-0.2999999999999971,-0.2000000000000028,125.16353075114137,-0.9608145766947906,14.491,13.2692,3006.1518080247006,530.9350399984887,2475.21676802621,3073.9645163086025,-67.81270828390188,100.42,,100.5,99.7,99.8,32945.6709978539,8029.0192760580785,24916.65172179582,36955.7640616127,-4010.0930637588026,0.5,0.3400000000000034,-0.4000000000000057,0.0074967192688681905,0.007703185108800525,0.007703185108800525,0.013537917114684106,-0.007162752859237287,-0.006718181867810813,-0.015300955411101214,0.010416760858255714,-0.009608145766947906,False,False,False,False,False,False,False,False,False,True,False
2025-12-01,0.3199999999999932,17488.0,0.4699957066859994,53928.0,0.927743758145816,53928.0,0.927743758145816,10.546766013401232,138354.0,1.0484538306885227,16.012727272727275,16.04,16.34090909090909,13.75,14.43,14.77,12.18,78.40162272727274,-2.447061276053386,61.61801304347826,-2.985783734357206,763.9,4.074563491008831,-5.8546,2.2,139727.0,8.247839153911052,,0.4000000000000057,-1.4399999999999975,-1.2000000000000028,124.33960050043544,-0.660459242816902,14.5376,13.6944,,,,,,100.32,,100.4,98.56,98.8,,,,,,0.4200000000000017,0.5,0.3400000000000034,0.004699957066859994,0.009277437581458159,0.009277437581458159,0.010484538306885227,-0.02447061276053386,-0.029857837343572058,0.3527555891601235,0.04074563491008831,-0.0066045924281690205,False,False,False,False,False,False,False,False,False,False,True
2026-01-01,1.6200000000000043,18234.0,4.177305172852819,55914.0,3.6164972480435154,55914.0,3.6164972480435154,7.804758463926653,143193.0,3.437775265594212,15.684666666666669,15.692666666666668,16.0,,,,,77.21495333333334,-1.5251490892397968,64.61344285714286,4.746823557367463,826.8,7.912593726029904,-3.147,2.2,,,,,,,123.85974813303284,-0.386667384831707,14.5,13.663,,,,,,101.62,,,,,,,,,,0.3199999999999932,0.4200000000000017,0.5,0.04177305172852819,0.036164972480435154,0.036164972480435154,0.03437775265594212,-0.015251490892397968,0.04746823557367463,,0.07912593726029904,-0.0038666738483170704,False,False,False,False,False,False,False,False,False,False,False
2026-02-01,,17854.0,-2.1060410405540964,54888.0,-1.852005064298368,54888.0,-1.852005064298368,7.219541435852683,141302.0,-1.3293926778203513,15.303157894736842,15.325263157894735,15.763157894736842,,,,,76.9278,-0.3725814666013072,69.39673,7.141726534316994,811.1,-1.917147673131403,-6.2138,,,,,,,,,,14.4831,13.1497,,,,,,,,,,,,,,,,1.6200000000000043,0.3199999999999932,0.4200000000000017,-0.021060410405540964,-0.018520050642983676,-0.018520050642983676,-0.013293926778203513,-0.003725814666013072,0.07141726534316994,,-0.01917147673131403,,True,False,False,False,False,False,False,False,False,False,False
