date,cpi_mm,m2_eom,m2_log_mom,m2_log_yoy,miacr_1d_avg,usd_rub_avg,usd_rub_log_mom,brent_avg,brent_log_mom,business_climate_cbr,unemployment_rate,nominal_wage,wage_log_yoy,ppi_industry_mm,ppi_construction_mm,ffpi_food,ffpi_food_log_mom,cpi_index_mm,ppi_industry_index_mm,ppi_construction_index_mm,cpi_lag1,cpi_lag2,cpi_lag3,dlog_m2_eom,dlog_usd_rub_avg,dlog_brent_avg,dlog_nominal_wage,dlog_ffpi_food,month_2,month_3,month_4,month_5,month_6,month_7,month_8,month_9,month_10,month_11,month_12
2001-04-01,1.7900000000000065,853.0,3.823643803925148,,9.522380952380953,28.85047619047619,0.6005730288317856,26.443809523809527,3.835992587876635,,9.1,2923.0,,0.7999999999999972,0.5999999999999943,55.003261628729874,-0.9079645832827944,101.79,100.8,100.6,1.8599999999999997,2.280000000000001,2.760000000000005,0.038236438039251475,0.0060057302883178565,0.038359925878766354,-0.013929221304731065,-0.009079645832827943,0,0,1,0,0,0,0,0,0,0,0
2001-05-01,1.7800000000000011,913.0,6.797633310328877,,6.665000000000001,29.027894736842104,0.6130756592836129,28.52608695652174,7.579691397850352,,8.6,3054.0,,1.0999999999999943,0.5999999999999943,55.78225572792388,1.406333529311521,101.78,101.1,100.6,1.7900000000000065,1.8599999999999997,2.280000000000001,0.06797633310328877,0.0061307565928361285,0.07579691397850352,0.04384172066733072,0.014063335293115209,0,0,0,1,0,0,0,0,0,0,0
2001-06-01,1.6200000000000043,934.0,2.274055763387484,,12.56315789473684,29.114761904761902,0.2988072357566818,27.864761904761902,-2.3456124035219794,,8.5,3284.0,,2.5,0.7000000000000028,55.20930694807057,-1.0324277905131574,101.62,102.5,100.7,1.7800000000000011,1.7900000000000065,1.8599999999999997,0.022740557633874836,0.0029880723575668178,-0.023456124035219794,0.07260998479374159,-0.010324277905131574,0,0,0,0,1,0,0,0,0,0,0
2001-07-01,0.4500000000000028,982.0,5.011487012562288,,6.3531818181818185,29.22285714285714,0.3705854423581289,25.21772727272727,-9.981566597988367,,8.5,3364.0,,0.5,0.5999999999999943,56.90803485679909,3.030499809745546,100.45,100.5,100.6,1.6200000000000043,1.7800000000000011,1.7900000000000065,0.05011487012562288,0.0037058544235812896,-0.09981566597988367,0.024068550520519594,0.03030499809745546,0,0,0,0,0,1,0,0,0,0,0
2001-08-01,0.0100000000000051,1009.0,2.7123711999142763,,7.202272727272727,29.34304347826087,0.4104316772893135,25.77217391304348,2.174816898624909,,8.5,3376.0,,0.0,1.0,57.01908443642887,0.1949485170676723,100.01,100.0,101.0,0.4500000000000028,1.6200000000000043,1.7800000000000011,0.027123711999142763,0.004104316772893135,0.02174816898624954,0.003560834623009157,0.0019494851706767236,0,0,0,0,0,0,1,0,0,0,0
2001-09-01,0.5999999999999943,1034.0,2.447503471476597,,8.4535,29.43,0.295906354487041,26.1305,1.3807835050381634,,8.6,3405.0,,-0.2000000000000028,0.7000000000000028,55.82566809820675,-2.11522610919479,100.6,99.8,100.7,0.0100000000000051,0.4500000000000028,1.6200000000000043,0.024475034714765975,0.0029590635448704106,0.01380783505038119,0.008553362867765202,-0.0211522610919479,0,0,0,0,0,0,0,1,0,0,0
2001-10-01,1.0900000000000034,1067.0,3.141619623337899,,7.126086956521739,29.53818181818182,0.3669163139001341,21.47347826086957,-19.628461004431895,,8.7,3515.0,,0.4000000000000057,2.0999999999999943,54.53132231635957,-2.3458507397670303,101.09,100.4,102.1,0.5999999999999943,0.0100000000000051,0.4500000000000028,0.03141619623337899,0.0036691631390013413,-0.19628461004431896,0.03179458566115301,-0.023458507397670303,0,0,0,0,0,0,0,0,1,0,0
2001-11-01,1.3599999999999994,1078.0,1.0256500167188598,,13.767142857142858,29.79714285714286,0.8728786253370924,19.207272727272727,-11.152960920838416,,8.8,3578.0,,0.2000000000000028,1.2999999999999972,55.10927632978841,1.054279845027306,101.36,100.2,101.3,1.0900000000000034,0.5999999999999943,0.0100000000000051,0.010256500167188598,0.008728786253370924,-0.11152960920838417,0.017764459823899514,0.010542798450273061,0,0,0,0,0,0,0,0,0,1,0
2001-12-01,1.5999999999999943,1052.0,-2.4414358171286565,,24.5005,30.1,1.0112660117076455,19.007619047619045,-1.0449093897817896,,8.6,4541.0,,-0.2999999999999971,1.0,54.60283035688623,-0.923233698594661,101.6,99.7,101.0,1.3599999999999994,1.0900000000000034,0.5999999999999943,-0.024414358171286565,0.010112660117076455,-0.010449093897817896,0.2383432670292862,-0.00923233698594661,0,0,0,0,0,0,0,0,0,0,1
2002-01-01,3.0900000000000034,1184.0,11.820542214629535,30.931069017855872,9.5705,30.472715,1.2306521310016194,19.924347826086954,4.710259140935813,,8.5,3760.0,31.90190504558723,0.2000000000000028,1.5999999999999943,53.77764244182959,-1.5227906645827185,103.09,100.2,101.6,1.5999999999999943,1.3599999999999994,1.0900000000000034,0.11820542214629537,0.012306521310016194,0.04710259140935813,-0.18872829471401076,-0.015227906645827183,0,0,0,0,0,0,0,0,0,0,0
2002-02-01,1.1599999999999966,1072.0,-9.937247381320358,28.51975991241193,12.712631578947368,30.8057,1.0868044727344817,20.317500000000003,1.9540090943176212,2.957,8.4,3725.0,33.862219713762,-0.5,0.7999999999999972,51.99864625338382,-3.364012814592199,101.16,99.5,100.8,3.0900000000000034,1.5999999999999943,1.3599999999999994,-0.09937247381320358,0.010868044727344817,0.019540090943176214,-0.00935210557028121,-0.03364012814592199,1,0,0,0,0,0,0,0,0,0,0
2002-03-01,1.0799999999999983,1077.0,0.4653335525641289,27.14115677039608,12.5195,31.06426666666667,0.8358439028177234,24.23,17.610895118321146,10.6808,8.2,4031.0,30.747477670118872,0.0,1.0,52.34142960905143,0.6570525966140384,101.08,100.0,101.0,1.1599999999999966,3.0900000000000034,1.5999999999999943,0.004653335525641289,0.008358439028177234,0.17610895118321146,0.07894763230350677,0.006570525966140384,0,1,0,0,0,0,0,0,0,0,0
2002-04-01,1.1599999999999966,1101.0,2.2039459566291164,25.52145892310005,9.282608695652174,31.173586363636364,0.3512968525510196,25.99409090909091,7.027770463541527,18.3557,8.0,4110.0,34.08125423790338,2.0999999999999943,0.5999999999999943,51.35145361807785,-1.9094966601653771,101.16,102.1,100.6,1.0799999999999983,1.1599999999999966,3.0900000000000034,0.022039459566291164,0.003512968525510196,0.07027770463541527,0.01940854437311401,-0.019094966601653773,0,0,1,0,0,0,0,0,0,0,0
2002-05-01,1.6899999999999975,1141.0,3.5686213139396017,22.29244692671077,5.117368421052632,31.25488421052632,0.2604513360624505,25.678695652173914,-1.220755429289344,15.3989,7.7,4187.0,31.5532280240566,2.200000000000003,1.7999999999999972,50.80400225377922,-1.0718108013950012,101.69,102.2,101.8,1.1599999999999966,1.0799999999999983,1.1599999999999966,0.03568621313939602,0.0026045133606245052,-0.012207554292893441,0.01856145852886293,-0.010718108013949568,0,0,0,1,0,0,0,0,0,0,0
2002-06-01,0.5300000000000011,1199.0,4.958280516543834,24.976671679867124,6.208947368421053,31.40493,0.4789228252921607,24.5335,-4.562215464905028,12.1244,7.5,4460.0,30.608657444179062,3.0,1.2000000000000028,51.62414989662321,1.6014448247807511,100.53,103.0,101.2,1.6899999999999975,1.1599999999999966,1.0799999999999983,0.04958280516543834,0.004789228252921607,-0.04562215464904984,0.06316427899496624,0.016014448247807067,0,0,0,0,1,0,0,0,0,0,0
2002-07-01,0.7199999999999989,1249.0,4.085535509806348,24.050720177111184,12.876521739130435,31.514986363636364,0.3498303311167294,25.68086956521739,4.570680930045024,17.3956,7.4,4597.0,31.227317471338974,2.5999999999999943,1.9000000000000057,52.26505323615588,1.2338365313413924,100.72,102.6,101.9,0.5300000000000011,1.6899999999999975,1.1599999999999966,0.040855355098063484,0.0034983033111672945,0.04570680930044979,0.030255150792118712,0.012338365313413924,0,0,0,0,0,1,0,0,0,0,0
2002-08-01,0.0900000000000034,1264.0,1.1938064581225485,22.532155435319456,4.830454545454545,31.55430869565217,0.1246956607777072,26.410454545454545,2.801359745006904,20.3472,7.2,4511.0,28.982728169254912,2.0,1.0,53.70528469297119,2.718345852193416,100.09,102.0,101.0,0.7199999999999989,0.5300000000000011,1.6899999999999975,0.011938064581225483,0.001246956607776628,0.02801359745006904,-0.0188850583978315,0.027183458521934156,0,0,0,0,0,0,1,0,0,0,0
2002-09-01,0.4000000000000057,1275.0,0.8664882885723202,20.95114025241518,6.005714285714286,31.626655,0.2290130815853608,28.29047619047619,6.876528036584784,15.929,7.7,4521.0,28.34882687109932,1.0999999999999943,1.2000000000000028,55.14002894276093,2.6364522403964585,100.4,101.1,101.2,0.0900000000000034,0.7199999999999989,0.5300000000000011,0.008664882885723202,0.0022901308158540523,0.06876528036584784,0.002214349886209277,0.026364522403964585,0,0,0,0,0,0,0,1,0,0,0
2002-10-01,1.0699999999999932,1294.0,1.4792017468319152,19.288722375909195,6.4,31.69332608695652,0.2105847489222156,27.358260869565218,-3.3506691613118367,10.1195,8.2,4646.0,27.89671090855883,2.0999999999999943,1.0,55.51887844097232,0.6847184511942217,101.07,102.1,101.0,0.4000000000000057,0.0900000000000034,0.7199999999999989,0.014792017468319152,0.002105847489222157,-0.03350669161311837,0.027273426035748116,0.006847184511942217,0,0,0,0,0,0,0,0,1,0,0
2002-11-01,1.6099999999999994,1311.0,1.30520087028545,19.568273229475786,4.143888888888889,31.81074285714286,0.3697933248750562,24.26428571428572,-12.0012980473875,10.0299,8.7,4694.0,27.1481112342304,1.5999999999999943,1.0,56.64144819957462,2.0017902550536704,101.61,101.6,101.0,1.0699999999999932,0.4000000000000057,0.0900000000000034,0.0130520087028545,0.0036979332487505623,-0.12001298047387454,0.010278463080615197,0.020017902550536704,0,0,0,0,0,0,0,0,0,1,0
2002-12-01,1.5400000000000065,1334.0,1.739174271186883,23.748883317791325,5.112857142857143,31.83684,0.0820051387598219,27.786363636363635,13.553983812508408,2.0535,9.0,5738.0,23.396346544335955,0.0999999999999943,0.7999999999999972,56.024358978454366,-1.0954439637787416,101.54,100.1,100.8,1.6099999999999994,1.0699999999999932,0.4000000000000057,0.01739174271186883,0.0008200513875982196,0.13553983812508363,0.20082562013034178,-0.010954439637787416,0,0,0,0,0,0,0,0,0,0,1
2003-01-01,2.4000000000000057,1491.0,11.126508828916926,23.054849932078717,6.458421052631579,31.816165,-0.0649615857949648,30.323478260869564,8.737688888456896,8.6799,9.0,4696.0,22.229212512399243,0.5,0.5999999999999943,56.2390316561908,0.3824451376012838,102.4,100.5,100.6,1.5400000000000065,1.6099999999999994,1.0699999999999932,0.11126508828916926,-0.000649615857949648,0.08737688888456896,-0.20039963503337788,0.0038244513760128385,0,0,0,0,0,0,0,0,0,0,0
2003-02-01,1.6299999999999957,1383.0,-7.519198309997943,25.47289900340113,2.5136842105263155,31.698978947368424,-0.3690023459552272,32.177499999999995,5.934517798046279,2.8181,9.2,4701.0,23.27084002104716,1.5999999999999943,0.7000000000000028,56.86278019136335,1.102997111637194,101.63,101.6,100.7,2.4000000000000057,1.5400000000000065,1.6099999999999994,-0.07519198309997943,-0.003690023459552272,0.05934517798046279,0.0010641695161979214,0.01102997111637194,1,0,0,0,0,0,0,0,0,0,0
2003-03-01,1.0499999999999972,1427.0,3.131928581207788,28.139494032044787,2.625,31.45329,-0.7780882334292194,29.56047619047619,-8.48292453057553,11.8619,8.8,4986.0,21.261950096633697,1.4000000000000057,0.2999999999999971,55.91947088233033,-1.6728364574744248,101.05,101.4,100.3,1.6299999999999957,2.4000000000000057,1.5400000000000065,0.03131928581207788,-0.007780882334292194,-0.08482924530575531,0.05885873305937217,-0.016728364574744248,0,1,0,0,0,0,0,0,0,0,0
2003-04-01,1.019999999999996,1502.0,5.122321484724335,31.05786956014001,1.8886363636363637,31.211786363636364,-0.7707796623685148,24.845454545454547,-17.376338509998845,17.4228,8.4,5100.0,21.581751122213788,1.0999999999999943,1.2000000000000028,55.92906635444101,0.017157975189086,101.02,101.1,101.2,1.0499999999999972,1.6299999999999957,2.4000000000000057,0.05122321484724335,-0.007707796623685148,-0.17376338509998845,0.02260655462891492,0.00017157975189086017,0,0,1,0,0,0,0,0,0,0,0
2003-05-01,0.7999999999999972,1577.0,4.87267546389587,32.36192371009628,1.3073684210526315,30.907055000000003,-0.981131654890488,25.453181818181815,2.4165937371655843,13.9867,8.1,5221.0,22.07044673914087,0.0999999999999943,0.7000000000000028,56.6689891688585,1.3142917289418854,100.8,100.1,100.7,1.019999999999996,1.0499999999999972,1.6299999999999957,0.0487267546389587,-0.00981131654890488,0.0241659373716554,0.023448414698133746,0.013142917289418854,0,0,0,1,0,0,0,0,0,0,0
2003-06-01,0.7999999999999972,1669.0,5.670033669879615,33.073676863432055,1.3625,30.468626315789475,-1.4286966184745342,27.288571428571423,6.962722804397048,13.2042,8.0,5550.0,21.864916172637017,0.4000000000000057,0.7000000000000028,56.418776012106015,-0.4425121756574057,100.8,100.4,100.7,0.7999999999999972,1.019999999999996,1.0499999999999972,0.05670033669879615,-0.014286966184745342,0.06962722804397092,0.06110897332992771,-0.0044251217565740575,0,0,0,0,1,0,0,0,0,0,0
2003-07-01,0.7099999999999937,1805.0,7.833594710514635,36.82173606414034,3.6178260869565215,30.36028695652174,-0.3562104532061294,28.36434782608696,3.86650127572854,19.4666,7.9,5615.0,20.003767136631545,2.200000000000003,0.5999999999999943,57.0597844100089,1.129755635633245,100.71,102.2,100.6,0.7999999999999972,0.7999999999999972,1.019999999999996,0.07833594710514635,-0.0035621045320612943,0.0386650127572854,0.011643660432063996,0.01129755635633245,0,0,0,0,0,1,0,0,0,0,0
2003-08-01,-0.4099999999999966,1791.0,-0.7786468706269645,34.84928273539083,3.811428571428571,30.34902727272727,-0.0370937608718868,29.41619047619048,3.6412220927481975,20.8418,7.8,5491.0,19.65915298704761,1.7999999999999972,1.0,57.81551479452772,1.3157594235399197,99.59,101.8,101.0,0.7099999999999937,0.7999999999999972,0.7999999999999972,-0.007786468706269645,-0.0003709376087188687,0.03641222092748242,-0.022331199893670828,0.013157594235399195,0,0,0,0,0,0,1,0,0,0,0
2003-09-01,0.3400000000000034,1827.0,1.990115431729489,35.972909878547995,9.780909090909091,30.59863333333333,0.819087898169224,26.80727272727273,-9.28719981129027,14.8856,7.8,5556.0,20.614521657962825,1.4000000000000057,1.2999999999999972,58.96253889986779,1.9645146639049929,100.34,101.4,101.3,-0.4099999999999966,0.7099999999999937,0.7999999999999972,0.01990115431729489,0.00819087898169224,-0.09287199811290314,0.011768036595361409,0.019645146639049926,0,0,0,0,0,0,0,1,0,0,0
2003-10-01,1.0,1855.0,1.5209418663529206,36.014649998069004,4.78695652173913,30.16471304347826,-1.4282546700559615,28.97086956521739,7.761760626623504,13.5648,7.8,5864.0,23.28253302361336,0.7999999999999972,1.2999999999999972,60.61509397986752,2.7641629287188607,101.0,100.8,101.3,0.3400000000000034,-0.4099999999999966,0.7099999999999937,0.015209418663529206,-0.014282546700559617,0.07761760626623504,0.05395353969225347,0.027641629287188607,0,0,0,0,0,0,0,0,1,0,0
2003-11-01,0.9599999999999936,1835.0,-1.0840214552865213,33.62542767249703,3.3257894736842104,29.807965000000003,-1.1897159273901003,28.8065,-0.56897712681927,10.1406,7.8,5990.0,24.38063146985261,0.2000000000000028,1.0999999999999943,62.01745906403724,2.2872005574453347,100.96,100.2,101.1,1.0,0.3400000000000034,-0.4099999999999966,-0.010840214552865213,-0.011897159273901003,-0.0056897712681927,0.02125944754300768,0.022872005574453347,0,0,0,0,0,0,0,0,0,1,0
2003-12-01,1.0999999999999943,1882.0,2.5290559656654388,34.41530936697559,1.3940909090909093,29.4337,-1.263536328176107,29.59130434782609,2.687949001647061,2.628,8.2,7344.0,24.67729357590152,0.5,0.7999999999999972,62.878611022751386,1.3790115333221389,101.1,100.5,100.8,0.9599999999999936,1.0,0.3400000000000034,0.025290559656654388,-0.01263536328176107,0.02687949001647061,0.20379224119083084,0.013790115333221387,0,0,0,0,0,0,0,0,0,0,1
2004-01-01,1.75,2165.0,14.008532029126552,37.297332567185215,1.0936842105263158,28.838795,-2.041874709838787,30.632272727272724,3.4573571342986664,9.9033,8.7,5932.0,23.365034174988963,4.0,0.2999999999999971,64.69116389675767,2.8418563261439544,101.75,104.0,100.3,1.0999999999999943,0.9599999999999936,1.0,0.14008532029126552,-0.02041874709838787,0.034573571342986664,-0.2135222290425034,0.028418563261439544,0,0,0,0,0,0,0,0,0,0,0
2004-02-01,0.9899999999999948,2107.0,-2.715522663240133,42.10100821394303,1.1831578947368422,28.51467368421053,-1.130270840779124,30.3435,-0.947179095192352,3.2328,9.1,6141.0,26.721234330526755,3.4000000000000057,1.5999999999999943,65.47228122066333,1.2002243795745215,100.99,103.4,101.6,1.75,1.0999999999999943,0.9599999999999936,-0.02715522663240133,-0.01130270840779124,-0.00947179095192352,0.03462617107157584,0.012002243795745215,1,0,0,0,0,0,0,0,0,0,0
2004-03-01,0.75,2175.0,3.176352971859586,42.14543260459482,1.670909090909091,28.529261904761903,0.0511473155517361,32.73173913043478,7.576289624136656,14.4116,8.5,6428.0,25.40294627739001,1.2999999999999972,0.2000000000000028,67.08537068282536,2.433913199527193,100.75,101.3,100.2,0.9899999999999948,1.75,1.0999999999999943,0.03176352971859586,0.0005114731555169172,0.07576289624136656,0.04567585252800477,0.024339131995271934,0,1,0,0,0,0,0,0,0,0,0
2004-04-01,0.9899999999999948,2221.0,2.0928880371642755,39.11599915703477,5.862272727272727,28.685631818181815,0.546606984925635,33.04409090909091,0.9497535079122432,21.1047,7.8,6448.0,23.452946547404707,2.0999999999999943,0.9000000000000057,67.66407742531165,0.8589427394399607,100.99,102.1,100.9,0.75,0.9899999999999948,1.75,0.020928880371642755,0.00546606984925635,0.009497535079122432,0.003106557329061843,0.008589427394399607,0,0,1,0,0,0,0,0,0,0,0
2004-05-01,0.7399999999999949,2232.0,0.4940499606774118,34.737373653816306,10.079444444444444,28.989216666666664,1.0527557862772152,37.12,11.631315006879197,14.7859,7.1,6524.0,22.27987303303536,2.0999999999999943,1.7000000000000028,66.77583325527897,-1.3214187521294107,100.74,102.1,101.7,0.9899999999999948,0.75,0.9899999999999948,0.004940499606774118,0.010527557862772596,0.11631315006879195,0.011717679554440252,-0.013214187521294107,0,0,0,1,0,0,0,0,0,0,0
2004-06-01,0.7800000000000011,2261.0,1.2909148776768298,30.35825486161352,6.405714285714287,29.02972380952381,0.139634226707086,35.51090909090909,-4.431596030762508,13.7065,7.1,7003.0,23.25407009150382,2.799999999999997,1.4000000000000057,66.43890920453063,-0.5058370611783936,100.78,102.8,101.4,0.7399999999999949,0.9899999999999948,0.75,0.012909148776768298,0.0013963422670708603,-0.04431596030762508,0.07085094391461233,-0.0050583706117839355,0,0,0,0,1,0,0,0,0,0,0
2004-07-01,0.9200000000000016,2397.0,5.841076215641472,28.36573636674036,3.731363636363637,29.08192608695652,0.1796620525056358,37.66727272727272,5.895167240899735,19.7599,7.0,6982.0,21.78938204924385,1.2000000000000028,1.9000000000000057,65.84093676443356,-0.9041082697955004,100.92,101.2,101.9,0.7800000000000011,0.7399999999999949,0.9899999999999948,0.05841076215641472,0.0017966205250563583,0.058951672408997347,-0.003003219990535655,-0.009041082697955005,0,0,0,0,0,1,0,0,0,0,0
2004-08-01,0.4200000000000017,2354.0,-1.810194661416276,27.33418857595105,3.79,29.219285714285714,0.4712076378605268,41.66045454545454,10.076072659057411,18.8871,6.9,6873.0,22.44903038427335,1.7999999999999972,1.9000000000000057,64.77736571671669,-1.628553631438212,100.42,101.8,101.9,0.9200000000000016,0.7800000000000011,0.7399999999999949,-0.018101946614162756,0.004712076378605268,0.10076072659057411,-0.015734716543375882,-0.01628553631438212,0,0,0,0,0,0,1,0,0,0,0
2004-09-01,0.4300000000000068,2351.0,-0.1275239280152718,25.216549216206285,2.914090909090909,29.22208181818182,0.0095689201546456,42.85590909090909,2.829119069777475,14.9776,7.2,6918.0,21.924828562288035,3.0999999999999943,1.7999999999999972,65.41219325365044,0.9752434426885336,100.43,103.1,101.8,0.4200000000000017,0.9200000000000016,0.7800000000000011,-0.001275239280152718,9.56892015464561e-05,0.02829119069777475,0.006526018375508258,0.009752434426885337,0,0,0,0,0,0,0,1,0,0,0
2004-10-01,1.1400000000000006,2395.0,1.85424613049463,25.549853480347995,1.168095238095238,29.0703,-0.5207615694024614,49.37619047619048,14.162479653308855,11.4326,7.6,6908.0,16.38481957000817,1.7999999999999972,3.200000000000003,64.90010650860181,-0.7859417445101435,101.14,101.8,103.2,0.4300000000000068,0.4200000000000017,0.9200000000000016,0.0185424613049463,-0.005207615694024614,0.14162479653308857,-0.001446550230545185,-0.007859417445101435,0,0,0,0,0,0,0,0,1,0,0
2004-11-01,1.1099999999999994,2419.0,0.9971000765012228,27.63097501213574,1.0861904761904762,28.591185000000003,-1.661858090094004,44.565909090909095,-10.24991372535995,7.4754,7.9,7046.0,16.236866779168757,2.0,1.7000000000000028,65.69099268038269,1.2112553553375704,101.11,102.0,101.7,1.1400000000000006,0.4300000000000068,0.4200000000000017,0.009971000765012228,-0.01661858090094004,-0.10249913725359949,0.019779919634613563,0.012112553553375704,0,0,0,0,0,0,0,0,0,1,0
2004-12-01,1.1400000000000006,2514.0,3.852087854016517,28.954006900486817,1.115909090909091,27.904027272727276,-2.432742843096314,40.09521739130435,-10.571213643733346,4.1787,7.9,8799.0,18.07544253452349,0.0999999999999943,0.7000000000000028,66.04413687729813,0.5361440703472553,101.14,100.1,100.7,1.1099999999999994,1.1400000000000006,0.4300000000000068,0.03852087854016517,-0.024327428430962694,-0.10571213643733346,0.22217799874437816,0.005361440703472553,0,0,0,0,0,0,0,0,0,0,1
2005-01-01,2.6200000000000045,2832.0,11.910806566341758,26.856281437702023,1.0266666666666666,28.00908666666667,0.3757956235193926,44.19190476190476,9.728456197658277,8.6432,7.9,7346.0,21.379452312178948,0.5,1.0999999999999943,65.8177319736145,-0.343397417525626,102.62,100.5,101.1,1.1400000000000006,1.1099999999999994,1.1400000000000006,0.11910806566341758,0.0037579562351934825,0.09728456197658275,-0.1804821312659488,-0.0034339741752562603,0,0,0,0,0,0,0,0,0,0,0
2005-02-01,1.230000000000004,2656.0,-6.416194421728605,23.15560967921355,1.033157894736842,27.995394736842105,-0.0488958374552428,45.8645,3.714977521681418,1.8606,7.9,7465.0,19.52378356438924,1.2999999999999972,1.2000000000000028,66.23941712122453,0.6386425630905634,101.23,101.3,101.2,2.6200000000000045,1.1400000000000006,1.1099999999999994,-0.06416194421728605,-0.0004889583745524284,0.037149775216814174,0.01606948359367877,0.006386425630905634,1,0,0,0,0,0,0,0,0,0,0
2005-03-01,1.3400000000000034,2741.0,3.1501585706461555,23.12941527800012,0.92,27.626422727272725,-1.3267363012213984,53.22260869565217,14.879188421000489,14.4058,7.6,8093.0,23.033604263829943,2.5,0.2000000000000028,67.50594388825047,1.893994106548469,101.34,102.5,100.2,1.230000000000004,2.6200000000000045,1.1400000000000006,0.031501585706461555,-0.013267363012213984,0.1487918842100049,0.08077405952241179,0.01893994106548469,0,1,0,0,0,0,0,0,0,0,0
2005-04-01,1.1200000000000043,2838.0,3.4776761417202096,24.51420338255605,1.3766666666666667,27.810354545454548,0.6635757060808434,53.30714285714286,0.158705296880468,20.8454,7.2,8002.0,21.59215052307157,2.5,0.9000000000000057,65.96669903969146,-2.306559691683318,101.12,102.5,100.9,1.3400000000000034,1.230000000000004,2.6200000000000045,0.034776761417202096,0.006635757060808434,0.0015870529688046808,-0.011307980078521851,-0.023065596916833186,0,0,1,0,0,0,0,0,0,0,0
2005-05-01,0.7999999999999972,2884.0,1.6078640684852097,25.62801749036385,2.847,27.95137777777778,0.505807574874817,49.69590909090909,-7.014771686146615,13.8211,6.9,8089.0,21.50174292770473,2.700000000000003,1.5999999999999943,66.54767814775897,0.8768600704888385,100.8,102.7,101.6,1.1200000000000043,1.3400000000000034,1.230000000000004,0.016078640684852097,0.00505807574874817,-0.07014771686146615,0.01081360360077177,0.008768600704888385,0,0,0,1,0,0,0,0,0,0,0
2005-06-01,0.6400000000000006,2944.0,2.059098144392646,26.39620075707967,3.9414285714285713,28.497866666666667,1.936273791069354,55.41636363636364,10.895230497629216,15.1107,6.9,8637.0,20.971667162476848,0.0999999999999943,1.5999999999999943,67.38304692978906,1.2474801654455805,100.64,100.1,101.6,0.7999999999999972,1.1200000000000043,1.3400000000000034,0.02059098144392646,0.01936273791069354,0.10895230497629216,0.06555018626233355,0.012474801654455803,0,0,0,0,1,0,0,0,0,0,0
2005-07-01,0.4599999999999937,3119.0,5.77432367590367,26.329448217341863,3.4204761904761902,28.69443181818182,0.6873859967040374,57.94666666666667,4.464812464315582,18.8205,6.8,8651.0,21.433951251539263,0.5,1.2999999999999972,67.66906438965067,0.4235667027846723,100.46,100.5,101.3,0.6400000000000006,0.7999999999999972,1.1200000000000043,0.0577432367590367,0.006873859967040374,0.04464812464315582,0.001619620900088492,0.0042356670278467234,0,0,0,0,0,1,0,0,0,0,0
2005-08-01,-0.1400000000000005,3136.0,0.5435664862496026,28.683209365007745,2.4804347826086954,28.47980909090909,-0.750770738612383,63.89695652173913,9.77486842013624,16.8498,6.8,8616.0,22.60202477146187,2.0,2.0999999999999943,67.63660945206585,-0.0479727675650742,99.86,102.0,102.1,0.4599999999999937,0.6400000000000006,0.7999999999999972,0.005435664862496026,-0.00750770738612383,0.0977486842013624,-0.004053981344149804,-0.0004797276756507429,0,0,0,0,0,0,1,0,0,0,0
2005-09-01,0.25,3213.0,2.4256977645558564,31.236431057578876,1.374090909090909,28.38001363636364,-0.3510231028861277,63.79954545454545,-0.1525665692967415,15.9622,6.8,8829.0,24.39150474044673,2.799999999999997,1.4000000000000057,68.63512237975604,1.4654995353712508,100.25,102.8,101.4,-0.1400000000000005,0.4599999999999937,0.6400000000000006,0.024256977645558564,-0.003510231028861277,-0.001525665692967415,0.024420818065356897,0.014654995353712508,0,0,0,0,0,0,0,1,0,0,0
2005-10-01,0.5499999999999972,3345.0,4.02616134464715,33.40834627173139,2.817142857142857,28.563133333333333,0.6431689780703298,59.49952380952381,-6.977775647018181,9.6887,6.9,8701.0,23.075780129945574,0.9000000000000057,1.7000000000000028,69.54318230968269,1.3143496069401903,100.55,100.9,101.7,0.25,-0.1400000000000005,0.4599999999999937,0.0402616134464715,0.006431689780703298,-0.0697777564701818,-0.014603796335556751,0.013143496069401905,0,0,0,0,0,0,0,0,1,0,0
2005-11-01,0.7399999999999949,3312.0,-0.991445705717986,31.419800489512184,5.735238095238096,28.76257619047619,0.6958262305268637,56.225,-5.660681147289814,6.9964,6.9,8931.0,23.706829078270356,-0.9000000000000057,0.9000000000000057,69.04000314184032,-0.7261795540465243,100.74,99.1,100.9,0.5499999999999972,0.25,-0.1400000000000005,-0.00991445705717986,0.0069582623052686365,-0.056606811472898144,0.026090409117861313,-0.0072617955404652434,0,0,0,0,0,0,0,0,0,1,0
2005-12-01,0.8199999999999932,3386.0,2.2097047187930485,29.77741735428872,4.677272727272728,28.8046,0.1459992300109291,57.573181818181816,2.3695367999843957,3.4567,7.2,11319.0,25.184465098685926,-2.0999999999999943,0.7999999999999972,69.77709866672278,1.0619764318638758,100.82,97.9,100.8,0.7399999999999949,0.5499999999999972,0.25,0.022097047187930485,0.0014599923001092918,0.023695367999843953,0.2369543589485339,0.010619764318638758,0,0,0,0,0,0,0,0,0,0,1
2006-01-01,2.430000000000007,3839.0,12.55626323077177,30.422874018718726,2.925,28.228133333333336,-2.021598004001301,63.60636363636363,9.96566566709962,8.061,7.5,9016.0,20.48448293400007,0.5,0.2000000000000028,69.80112611182506,0.0344286444073915,102.43,100.5,100.2,0.8199999999999932,0.7399999999999949,0.5499999999999972,0.1255626323077177,-0.020215980040013015,0.09965665667099621,-0.22748195291280737,0.00034428644407391573,0,0,0,0,0,0,0,0,0,0,0
2006-02-01,1.6599999999999966,3632.0,-5.542845527961404,31.296222912485927,2.8084210526315787,28.194605263157893,-0.1188459651403128,61.142,-3.951449477958846,2.3639,7.8,9255.0,21.493851503430683,3.299999999999997,1.4000000000000057,70.80718522511454,1.4310338735305628,101.66,103.3,101.4,2.430000000000007,0.8199999999999932,0.7399999999999949,-0.05542845527961404,-0.0011884596514031287,-0.03951449477958757,0.0261631692879849,0.014310338735305628,1,0,0,0,0,0,0,0,0,0,0
2006-03-01,0.8199999999999932,3659.0,0.7406425298023933,28.886706871642165,3.0263636363636364,27.873772727272726,-1.1444455828593547,63.02869565217392,3.039108149483827,16.5857,7.6,9914.0,20.29484090848168,2.0999999999999943,-0.2999999999999971,69.78477113408601,-1.454467441156737,100.82,102.1,99.7,1.6599999999999966,2.430000000000007,0.8199999999999932,0.007406425298023933,-0.011444455828593547,0.03039108149483738,0.06878395357292177,-0.014544674411567371,0,1,0,0,0,0,0,0,0,0,0
2006-04-01,0.3499999999999943,3827.0,4.489132040649402,29.89816277057136,3.4770000000000003,27.564476190476192,-1.115835193234993,70.4945,11.194458335909108,22.7708,7.5,9833.0,20.605256536297567,0.5999999999999943,0.5999999999999943,70.10160507240967,0.4529883305257165,100.35,100.6,100.6,0.8199999999999932,1.6599999999999966,2.430000000000007,0.04489132040649402,-0.01115835193234993,0.11194458335909108,-0.008203823800362997,0.004529883305257165,0,0,1,0,0,0,0,0,0,0,0
2006-05-01,0.480000000000004,3924.0,2.503033525955267,30.79333222804141,2.2123809523809523,27.052745,-1.873937027058714,70.95608695652174,0.6526499534588837,15.8854,7.4,10257.0,23.745528528945847,1.7999999999999972,1.2999999999999972,71.32836310002254,1.7348357083920796,100.48,101.8,101.3,0.3499999999999943,0.8199999999999932,1.6599999999999966,0.025030335259552672,-0.01873937027058714,0.006526499534588837,0.04221632352725457,0.017348357083920796,0,0,0,1,0,0,0,0,0,0,0
2006-06-01,0.2800000000000011,4172.0,6.12839954354083,34.862633627189595,2.687619047619048,26.98344761904762,-0.2564852021685659,69.77863636363637,-1.6733298494464144,19.2482,7.1,11106.0,25.143020252126647,0.7999999999999972,1.0,71.39458097519727,0.092792200098124,100.28,100.8,101.0,0.480000000000004,0.3499999999999943,0.8199999999999932,0.0612839954354083,-0.0025648520216856596,-0.016733298494464144,0.07952510349414155,0.0009279220009812406,0,0,0,0,1,0,0,0,0,0,0
2006-07-01,0.6700000000000017,4440.0,6.225883930560805,35.314193881846734,2.0804761904761904,26.91582380952381,-0.2509267498940648,74.2604761904762,6.225096757380211,20.0861,7.3,10883.0,22.95270175156876,1.7999999999999972,1.7000000000000028,73.17238569154549,2.4596135382266127,100.67,101.8,101.7,0.2800000000000011,0.480000000000004,0.3499999999999943,0.06225883930560805,-0.0025092674989406483,0.06225096757380211,-0.02028356410549037,0.024596135382266127,0,0,0,0,0,1,0,0,0,0,0
2006-08-01,0.1899999999999977,4467.0,0.606266592584781,35.37689398818191,2.327826086956521,26.761921739130432,-0.5734312815927733,73.90173913043478,-0.4842499962494528,19.6364,6.4,10853.0,23.082059960979077,2.200000000000003,2.0999999999999943,73.06272062248945,-0.1499846273281591,100.19,102.2,102.1,0.6700000000000017,0.2800000000000011,0.480000000000004,0.00606266592584781,-0.0057343128159277335,-0.004842499962494529,-0.0027603992500466745,-0.001499846273281591,0,0,0,0,0,0,1,0,0,0,0
2006-09-01,0.0900000000000034,4610.0,3.151081463857608,36.102277687483664,3.353809523809524,26.746340909090907,-0.058237100996239,63.639523809523816,-14.95016403660232,17.2927,6.5,11127.0,23.13328292561181,1.4000000000000057,2.0999999999999943,73.18589980103584,0.1684517875347069,100.09,101.4,102.1,0.1899999999999977,0.6700000000000017,0.2800000000000011,0.03151081463857608,-0.0005823710099623902,-0.1495016403660232,0.024933047711684253,0.001684517875347069,0,0,0,0,0,0,0,1,0,0,0
2006-10-01,0.2800000000000011,4822.0,4.496092275042152,36.572208617878665,4.256363636363637,26.86720476190477,0.4508713462223035,59.83863636363637,-6.15831755102354,11.4384,6.6,11046.0,23.863040989510864,-2.700000000000003,2.0,75.12702769544278,2.617760670178626,100.28,97.3,102.0,0.0900000000000034,0.1899999999999977,0.6700000000000017,0.04496092275042152,0.004508713462223035,-0.0615831755102354,-0.007306215696566198,0.02617760670178626,0,0,0,0,0,0,0,0,1,0,0
2006-11-01,0.6299999999999955,4732.0,-1.8840833642839168,35.679570959312734,6.393809523809525,26.617409523809524,-0.9340893926077508,59.86136363636364,0.0379737226405829,9.853,6.6,11303.0,23.55398065068446,-2.5,1.5,77.65624075166323,3.311153319228932,100.63,97.5,101.5,0.2800000000000011,0.0900000000000034,0.1899999999999977,-0.018840833642839172,-0.00934089392607751,0.00037973722640582963,0.022999805729597256,0.03311153319228932,0,0,0,0,0,0,0,0,0,1,0
2006-12-01,0.7900000000000063,4856.0,2.586710764105682,36.05657700462537,4.8966666666666665,26.288154545454542,-1.2447054863508722,62.28619047619048,3.9708456932294736,6.0484,6.8,14263.0,23.11860418910019,1.0,0.5999999999999943,78.8018722459415,1.4644839410119737,100.79,101.0,100.6,0.6299999999999955,0.2800000000000011,0.0900000000000034,0.02586710764105682,-0.012447054863508722,0.039708456932294744,0.2326005943326912,0.014644839410119737,0,0,0,0,0,0,0,0,0,0,1
2007-01-01,1.6800000000000068,5564.0,13.61022203040001,37.11053580425361,3.213529411764706,26.52904375,0.91216831859664,54.83347826086957,-12.7438814935239,9.8328,6.9,11430.0,23.724070106924344,1.9000000000000057,0.9000000000000057,78.48310271648208,-0.405340644885932,101.68,101.9,100.9,0.7900000000000063,0.6299999999999955,0.2800000000000011,0.1361022203040001,0.0091216831859664,-0.127438814935239,-0.22142729373456582,-0.00405340644885932,0,0,0,0,0,0,0,0,0,0,0
2007-02-01,1.1099999999999994,5271.0,-5.4097176188127705,37.24366371340224,3.630526315789474,26.34328947368421,-0.7026549775684288,58.804,6.990895521252405,6.1404,7.1,11757.0,23.92848618601437,-0.0999999999999943,1.2999999999999972,80.04314376373223,1.9682436753159396,101.11,99.9,101.3,1.6800000000000068,0.7900000000000063,0.6299999999999955,-0.054097176188127705,-0.007026549775684288,0.06990895521252405,0.028207330078885207,0.019682436753159394,1,0,0,0,0,0,0,0,0,0,0
2007-03-01,0.5900000000000034,5341.0,1.3192803484564308,37.82230153205628,4.922380952380952,26.10559545454545,-0.9063897040297864,62.455,6.023641761615206,17.9762,6.7,12448.0,22.761206783765253,0.0,0.0999999999999943,81.11242078451266,1.3270316982092467,100.59,100.0,100.1,1.1099999999999994,1.6800000000000068,0.7900000000000063,0.013192803484564308,-0.009063897040297864,0.06023641761615206,0.05711115955043056,0.013270316982092467,0,1,0,0,0,0,0,0,0,0,0
2007-04-01,0.5699999999999932,5734.0,7.100046610354482,40.43321610176136,3.3880952380952385,25.83835714285714,-1.0289577752617962,67.62142857142857,7.947862610171441,23.029,6.3,12494.0,23.950445327335856,4.299999999999997,1.0,83.86721105807557,3.3398623956395035,100.57,104.3,101.0,0.5900000000000034,1.1099999999999994,1.6800000000000068,0.07100046610354482,-0.010289577752617962,0.07947862610171441,0.003688561635343035,0.033398623956395035,0,0,1,0,0,0,0,0,0,0,0
2007-05-01,0.6299999999999955,6117.0,6.465841279925044,44.39602385573114,3.3128571428571427,25.82405,-0.055387056136702,67.86043478260869,0.3528242868855891,18.2256,5.8,12787.0,22.0468630503758,5.400000000000006,2.0,86.47173131395098,3.0582827615543984,100.63,105.4,102.0,0.5699999999999932,0.5900000000000034,1.1099999999999994,0.06465841279925044,-0.0005538705613670203,0.003528242868855891,0.023180500757653988,0.030582827615543984,0,0,0,1,0,0,0,0,0,0,0
2007-06-01,0.9500000000000028,6689.0,8.939260587584208,47.20688489977452,3.3625,25.9093,0.3295749344095711,70.53857142857143,3.87065062803309,20.1277,5.7,13712.0,21.07858590360081,2.5,1.2999999999999972,91.38305704007934,5.5242534817756095,100.95,102.5,101.3,0.6299999999999955,0.5699999999999932,0.5900000000000034,0.08939260587584208,0.003295749344095711,0.0387065062803309,0.06984233202639167,0.055242534817756095,0,0,0,0,1,0,0,0,0,0,0
2007-07-01,0.8700000000000045,6640.0,-0.7352422647928236,40.245758704420886,3.3877272727272727,25.540752380952384,-1.4326668517358865,75.81772727272727,7.217246166979496,21.5815,5.6,13546.0,21.88893620787873,0.7000000000000028,2.200000000000003,95.5415692416268,4.450134307292153,100.87,100.7,102.2,0.9500000000000028,0.6299999999999955,0.5699999999999932,-0.007352422647928236,-0.014326668517358865,0.07217246166979496,-0.01218006106271119,0.04450134307292153,0,0,0,0,0,1,0,0,0,0,0
2007-08-01,0.0900000000000034,6635.0,-0.0753295704171819,39.56416254141892,5.21695652173913,25.62369130434783,0.3242056008764926,71.24347826086957,-6.22288525600041,22.0129,5.5,13270.0,20.106430888023752,2.0999999999999943,2.5999999999999943,99.11064600454124,3.667542965663273,100.09,102.1,102.6,0.8700000000000045,0.9500000000000028,0.6299999999999955,-0.0007532957041718191,0.0032420560087649264,-0.0622288525600041,-0.020585452448596442,0.03667542965663273,0,0,0,0,0,0,1,0,0,0,0
2007-09-01,0.7900000000000063,6773.0,2.058545244859644,38.47162632242096,6.1715,25.334071428571427,-1.1367178572419423,76.963,7.722150510811776,18.8326,5.5,13677.0,20.634100272385147,-0.5999999999999943,2.5999999999999943,105.31050859193547,6.067634840162839,100.79,99.4,102.6,0.0900000000000034,0.8700000000000045,0.9500000000000028,0.020585452448596442,-0.011367178572419423,0.07722150510811776,0.03020974155529821,0.06067634840162839,0,0,0,0,0,0,0,1,0,0,0
2007-10-01,1.6400000000000006,7052.0,4.036714430285748,38.01224847766456,5.826086956521739,24.896213636363637,-1.7434457420840044,82.47521739130435,6.9173066069343925,12.8894,5.8,13986.0,23.59884578026783,-0.0999999999999943,2.5,107.8620331959691,2.393972920050924,101.64,99.9,102.5,0.7900000000000063,0.0900000000000034,0.8700000000000045,0.04036714430285748,-0.017434457420840044,0.06917306606934392,0.022341239382260625,0.02393972920050924,0,0,0,0,0,0,0,0,1,0,0
2007-11-01,1.230000000000004,6667.0,-5.614128089970194,34.28220375197828,6.343333333333334,24.46509523809524,-1.7468311547411908,92.20409090909092,11.150664656896137,13.9101,5.6,14656.0,25.97816307231806,3.0999999999999943,1.5999999999999943,110.75835435010842,2.6497900337087543,101.23,103.1,101.6,1.6400000000000006,0.7900000000000063,0.0900000000000034,-0.05614128089970194,-0.017468311547411908,0.11150664656896137,0.04679297865009957,0.026497900337087543,0,0,0,0,0,0,0,0,0,1,0
2007-12-01,1.1299999999999957,6874.0,3.057619479171869,34.75311246704447,4.076666666666666,24.574886363636367,0.4477624395022417,91.47619047619048,-0.7925774479853764,8.5069,6.0,18591.0,26.50088211067949,3.700000000000003,1.5,114.65922974792856,3.4613669359820243,101.13,103.7,101.5,1.230000000000004,1.6400000000000006,0.7900000000000063,0.03057619479171869,0.004477624395022417,-0.007925774479853764,0.2378277847163055,0.03461366935982024,0,0,0,0,0,0,0,0,0,0,1
2008-01-01,2.3100000000000023,7570.0,9.644688902171694,30.78757933881615,2.6241176470588234,24.5000625,-0.3049373391076582,91.99739130434784,0.5681496214361204,11.8361,6.5,14771.0,25.64243212517443,1.5999999999999943,1.2999999999999972,120.40116381937398,4.886468934934118,102.31,101.6,101.3,1.1299999999999957,1.230000000000004,1.6400000000000006,0.09644688902171694,-0.003049373391076582,0.005681496214362092,-0.23001179358961643,0.048864689349341184,0,0,0,0,0,0,0,0,0,0,0
2008-02-01,1.2000000000000028,7299.0,-3.645571497986211,32.55172545964271,4.3065,24.52733,0.1112337467732871,94.6647619047619,2.858160730683146,8.2385,6.9,15354.0,26.69272185201024,0.7000000000000028,2.200000000000003,128.38378539794326,6.419490223226898,101.2,100.7,102.2,2.3100000000000023,1.1299999999999957,1.230000000000004,-0.03645571497986211,0.0011123374677328712,0.02858160730683057,0.038710227347243276,0.06419490223226898,1,0,0,0,0,0,0,0,0,0,0
2008-03-01,1.2000000000000028,7252.0,-0.6460059576891553,30.586439153497125,4.3625,23.76038,-3.176851840302186,102.71095238095238,8.157692709251751,21.7119,6.4,16172.0,26.172138434248996,0.7000000000000028,-0.2000000000000028,132.3586789336414,3.049140081150803,101.2,100.7,99.8,1.2000000000000028,2.3100000000000023,1.1299999999999957,-0.0064600595768915525,-0.03176851840302186,0.08157692709251751,0.05190532537281811,0.03049140081150714,0,1,0,0,0,0,0,0,0,0,0
2008-04-01,1.4200000000000017,7397.0,1.9797219713126424,25.466114514455285,4.173636363636363,23.512913636363635,-1.0469700970297424,110.42954545454543,7.245896425068921,23.4305,5.8,16538.0,28.04122342285975,4.5,1.5999999999999943,130.66207894819286,-1.2901061730032026,101.42,104.5,101.6,1.2000000000000028,1.2000000000000028,2.3100000000000023,0.019797219713126424,-0.010469700970297424,0.0724589642506892,0.02237941152145062,-0.012901061730031138,0,0,1,0,0,0,0,0,0,0,0
2008-05-01,1.3499999999999943,7226.0,-2.338887988028304,16.661385246501936,3.7065,23.719609523809524,0.8752325435045449,124.68136363636364,12.138367201965304,20.8476,5.3,16643.0,26.35606777755566,3.5,2.299999999999997,130.30230024083983,-0.2757303018997348,101.35,103.5,102.3,1.4200000000000017,1.2000000000000028,1.2000000000000028,-0.023388879880283042,0.00875232543504545,0.12138367201965305,0.00632894430461306,-0.002757303018997348,0,0,0,1,0,0,0,0,0,0,0
2008-06-01,0.9699999999999988,7463.0,3.2271845423801797,10.949309201297908,3.6445,23.643236842105264,-0.3225006677517683,133.74380952380952,7.016470884166104,19.4196,5.5,17715.0,25.614037646201204,4.900000000000006,2.0,132.7260693363295,1.8430237822195217,100.97,104.9,102.0,1.3499999999999943,1.4200000000000017,1.2000000000000028,0.03227184542380179,-0.0032250066775176833,0.07016470884166104,0.06242203071284713,0.018430237822195217,0,0,0,0,1,0,0,0,0,0,0
2008-07-01,0.5100000000000051,7862.0,5.208354885041899,16.89290635113263,4.1869565217391305,23.347895652173914,-1.2570247328671955,134.56478260869565,0.6119637395709532,21.2201,5.6,17758.0,27.07448178174232,5.400000000000006,2.4000000000000057,130.2073303521054,-1.9159346321758088,100.51,105.4,102.4,0.9699999999999988,1.3499999999999943,1.4200000000000017,0.05208354885041899,-0.012570247328671957,0.006119637395709532,0.002424380292699979,-0.019159346321758086,0,0,0,0,0,1,0,0,0,0,0
2008-08-01,0.3599999999999994,7735.0,-1.6285542974639355,15.339681624085877,5.899523809523809,24.15333636363636,3.3915664168778115,115.23619047619049,-15.506188580147118,22.5385,5.8,17244.0,26.195840854077268,0.5,2.799999999999997,121.20936181396463,-7.160871555542947,100.36,100.5,102.8,0.5100000000000051,0.9699999999999988,1.3499999999999943,-0.016285542974639355,0.033915664168778115,-0.15506188580147118,-0.029371861725246973,-0.07160871555542947,0,0,0,0,0,0,1,0,0,0,0
2008-09-01,0.7999999999999972,7924.0,2.4140644811275536,15.695200860353786,7.444545454545454,25.26993333333333,4.519276096235636,100.785,-13.399431732486278,16.315,6.1,17739.0,26.005001560738883,-5.0,2.200000000000003,112.78634641548892,-7.20240240197727,100.8,95.0,102.2,0.3599999999999994,0.5100000000000051,0.9699999999999988,0.024140644811275536,0.04519276096235636,-0.13399431732486278,0.028301348621914357,-0.0720240240197727,0,0,0,0,0,0,0,1,0,0,0
2008-10-01,0.9099999999999966,8008.0,1.0544913176614656,12.712977747729504,7.776521739130436,26.356378260869565,4.209502170955837,73.68434782608696,-31.319913525101217,11.1684,6.5,17643.0,23.228227486425368,-6.599999999999994,1.2999999999999972,97.7880797926184,-14.269260322054222,100.91,93.4,101.3,0.7999999999999972,0.3599999999999994,0.5100000000000051,0.010544913176614656,0.04209502170955837,-0.3131991352510122,-0.005426501360874525,-0.14269260322054222,0,0,0,0,0,0,0,0,1,0,0
2008-11-01,0.8299999999999983,7600.0,-5.229279472063375,13.097826365636324,8.981052631578947,27.3337,3.6410068208516666,54.746,-29.708609312229584,-3.694,6.8,17598.0,18.293545129159483,-8.400000000000006,0.2999999999999971,89.72736955347888,-8.602684034999886,100.83,91.6,100.3,0.9099999999999966,0.7999999999999972,0.3599999999999994,-0.05229279472063375,0.036410068208516666,-0.29708609312229584,-0.0025538449225592785,-0.08602684034999886,0,0,0,0,0,0,0,0,0,1,0
2008-12-01,0.6899999999999977,7566.0,-0.4483721081447456,9.591834778319708,8.885652173913044,28.15127272727273,2.947219275984692,43.05227272727273,-24.02892844509425,-20.2681,7.6,21681.0,15.37587083208738,-7.599999999999994,-0.9000000000000057,86.30191521970283,-3.8924055327618663,100.69,92.4,99.1,0.8299999999999983,0.9099999999999966,0.7999999999999972,-0.004483721081447456,0.02947219275984736,-0.24028928445094255,0.20865104174558446,-0.03892405532761867,0,0,0,0,0,0,0,0,0,0,1
2009-01-01,2.3700000000000045,7653.0,1.143320161694561,1.0904660378425746,16.928125,32.49225294117647,14.340912397991444,45.70761904761905,5.984998055443924,-13.9138,8.4,17119.0,14.752315873417745,-3.4000000000000057,-1.9000000000000057,86.66916731756098,0.4246405171627998,102.37,96.6,98.1,0.6899999999999977,0.8299999999999983,0.9099999999999966,0.01143320161694561,0.143409123979914,0.05984998055443924,-0.2362473431763128,0.004246405171627998,0,0,0,0,0,0,0,0,0,0,0
2009-02-01,1.6500000000000057,6638.0,-14.22870145300017,-9.492663917171384,9.256315789473684,35.814394736842104,9.734821033230157,43.8735,-4.095450960299374,-19.8216,9.2,17098.0,10.758547119833572,5.099999999999994,0.5999999999999943,84.48888211043203,-2.5478242546246754,101.65,105.1,100.6,2.3700000000000045,0.6899999999999977,0.8299999999999983,-0.1422870145300017,0.09734821033230157,-0.04095450960299374,-0.0012274601885984282,-0.025478242546246754,1,0,0,0,0,0,0,0,0,0,0
2009-03-01,1.3100000000000025,6556.0,-1.2430052416199544,-10.089663201102184,8.625238095238094,34.657685,-3.2830409846291264,47.41727272727273,7.767607268373311,-7.4761,9.0,18129.0,11.423151426900624,2.9000000000000057,-2.4000000000000057,84.25333779799439,-0.2791766821021113,101.31,102.9,97.6,1.6500000000000057,2.3700000000000045,0.6899999999999977,-0.012430052416199544,-0.032830409846291264,0.07767607268373311,0.05855136844348863,-0.0027917668210211133,0,1,0,0,0,0,0,0,0,0,0
2009-04-01,0.6899999999999977,6583.0,0.4109907604156859,-11.65839441199914,8.57909090909091,33.58326363636364,-3.1491653553567645,51.46318181818182,8.188006999231412,-1.5046,8.7,18009.0,8.521086963784086,2.4000000000000057,-1.0999999999999943,87.39567198461978,3.66175755805207,100.69,102.4,98.9,1.3100000000000025,1.6500000000000057,2.3700000000000045,0.004109907604156859,-0.031491653553567645,0.08188006999231412,-0.0066412331097147614,0.0366175755805207,0,0,1,0,0,0,0,0,0,0,0
2009-05-01,0.5699999999999932,6686.0,1.55252195121669,-7.766984472754146,7.063684210526316,31.994805000000003,-4.845429094196474,58.5852380952381,12.96161193673644,-3.3538,8.4,18007.0,7.877086358277907,0.5999999999999943,0.0999999999999943,93.45147130110524,6.699651622914349,100.57,100.6,100.1,0.6899999999999977,1.3100000000000025,1.6500000000000057,0.015525219512166899,-0.04845429094196474,0.1296161193673644,-0.00011106175044872657,0.06699651622914349,0,0,0,1,0,0,0,0,0,0,0
2009-06-01,0.5999999999999943,6917.0,3.396636162054101,-7.597532853080224,6.745238095238095,31.058,-2.971712172355634,69.27090909090909,16.754228061383536,-0.9082,8.2,19247.0,8.29434661155517,2.200000000000003,-0.2999999999999971,93.40904442265668,-0.0454102130814426,100.6,102.2,99.7,0.5699999999999932,0.6899999999999977,1.3100000000000025,0.03396636162054101,-0.02971712172355634,0.16754228061383536,0.06659463324561976,-0.00045410213081442663,0,0,0,0,1,0,0,0,0,0,0
2009-07-01,0.6299999999999955,7202.0,4.037661560823658,-8.768226177298466,6.457826086956522,31.508152173913043,1.4389887373703836,65.75086956521739,-5.2152139527744446,2.4981,8.0,18872.0,6.084322349523852,1.7999999999999972,-0.0999999999999943,90.69194234157312,-2.9519661303604394,100.63,101.8,99.9,0.5999999999999943,0.5699999999999932,0.6899999999999977,0.04037661560823658,0.014389887373703836,-0.052152139527744446,-0.019675862327613203,-0.029519661303604394,0,0,0,0,0,1,0,0,0,0,0
2009-08-01,0.0,7089.0,-1.5814478353803452,-8.721119715214876,6.605714285714286,31.649661904761903,0.4481154698428025,73.05714285714286,10.536901750485317,3.0571,7.8,18335.0,6.134754463840153,1.4000000000000057,1.2999999999999972,93.4807348192325,3.0286855747120534,100.0,101.4,101.3,0.6299999999999955,0.5999999999999943,0.5699999999999932,-0.01581447835380345,0.004481154698427581,0.10536901750485317,-0.02886754058208396,0.030286855747120534,0,0,0,0,0,0,1,0,0,0,0
2009-09-01,-0.0300000000000011,7185.0,1.345123265810777,-9.790060930531652,7.250909090909091,30.85668636363636,-2.537400147075042,68.14681818181818,-6.957744520378384,0.1724,7.5,18838.0,6.011050089382231,1.2000000000000028,0.7999999999999972,93.07955403971528,-0.4300823078267513,99.97,101.2,100.8,0.0,0.6299999999999955,0.5999999999999943,0.01345123265810777,-0.025374001470749974,-0.06957744520378384,0.027064304877335132,-0.004300823078267513,0,0,0,0,0,0,0,1,0,0,0
2009-10-01,0.0,7305.0,1.656352567167474,-9.188199681025644,5.810909090909092,29.46398695652174,-4.618472829775255,73.93363636363637,8.15034163383821,0.6406,7.6,18798.0,6.3411377052181805,-0.9000000000000057,0.0,94.82713805905588,1.8601087468137931,100.0,99.1,100.0,-0.0300000000000011,0.0,0.6299999999999955,0.01656352567167474,-0.04618472829775255,0.0815034163383821,-0.0021256252025150246,0.018601087468137933,0,0,0,0,0,0,0,0,1,0,0
2009-11-01,0.2900000000000062,7309.0,0.0547420295591294,-3.9041781794031394,5.218,28.90348947368421,-1.9206405587037343,77.58285714285714,4.817860474039559,-1.9597,8.1,19215.0,8.790596479343726,-0.5,0.5999999999999943,98.87024004816824,4.175264908294807,100.29,99.5,100.6,0.0,-0.0300000000000011,0.0,0.0005474202955912943,-0.019206405587037345,0.04817860474039559,0.02194074281869618,0.04175264908294807,0,0,0,0,0,0,0,0,0,1,0
2009-12-01,0.4099999999999966,7476.0,2.259142409506154,-1.1966636617522397,4.834782608695653,29.958934782608694,3.586527250076798,75.17304347826087,-3.155378736951775,-7.5543,8.0,24004.0,10.178418215831186,0.5,0.0,100.83705157577458,1.969757943132322,100.41,100.5,100.0,0.2900000000000062,0.0,-0.0300000000000011,0.02259142409506154,0.035865272500767986,-0.03155378736951775,0.22252925911045907,0.01969757943132322,0,0,0,0,0,0,0,0,0,0,1
2010-01-01,1.6400000000000006,8326.0,10.768525917946723,8.428542094499925,4.004666666666667,29.83873125,-0.4020347364366294,77.03142857142858,2.4420799535774584,-0.3329,9.0,18938.0,10.098152776866698,-1.0999999999999943,0.0,101.80646537860012,0.9567749440432038,101.64,98.9,100.0,0.4099999999999966,0.2900000000000062,0.0,0.10768525917946725,-0.004020347364366295,0.024420799535774584,-0.23704999756595768,0.009567749440432038,0,0,0,0,0,0,0,0,0,0,0
2010-02-01,0.8599999999999994,8042.0,-3.470534029770178,19.18670951772992,3.832105263157895,30.15796842105263,1.0641924826300997,74.78999999999999,-2.952931563944805,-4.9758,8.5,19017.0,10.6371818366096,2.0,1.7999999999999972,99.26168778414062,-2.5313939011708086,100.86,102.0,101.8,1.6400000000000006,0.4099999999999966,0.2900000000000062,-0.03470534029770178,0.010641924826300997,-0.02952931563944805,0.004162830408830587,-0.025313939011708086,1,0,0,0,0,0,0,0,0,0,0
2010-03-01,0.6299999999999955,8225.0,2.250048817635353,22.679763576985223,3.5354545454545456,29.55939523809524,-2.0047543748022534,79.93130434782609,6.648338392782893,8.8891,8.5,20589.0,12.72440865470763,1.7999999999999972,-2.200000000000003,96.5116514632672,-2.809593207490924,100.63,101.8,97.8,0.8599999999999994,1.6400000000000006,0.4099999999999966,0.022500488176353528,-0.020047543748022534,0.06648338392782893,0.07942363662446894,-0.028095932074909236,0,1,0,0,0,0,0,0,0,0,0
2010-04-01,0.2900000000000062,8338.0,1.3645082807169473,23.633281097286485,3.2804545454545457,29.19323636363637,-1.2464586017041146,85.62545454545455,6.881503499694741,15.7748,8.1,20358.0,12.260232209233202,3.200000000000003,0.5999999999999943,97.06439758366012,0.5710909230844052,100.29,103.2,100.6,0.6299999999999955,0.8599999999999994,1.6400000000000006,0.013645082807169473,-0.012464586017041146,0.06881503499694741,-0.011282997564459052,0.005710909230844052,0,0,1,0,0,0,0,0,0,0,0
2010-05-01,0.5,8517.0,2.1240786700339243,24.20483781610372,2.747368421052632,30.43492105263158,4.165361691486158,76.99761904761905,-10.620810521223945,10.4514,7.2,20279.0,11.88252966551584,2.700000000000003,2.0999999999999943,96.40570515309548,-0.6809268887860043,100.5,102.7,102.1,0.2900000000000062,0.6299999999999955,0.8599999999999994,0.021240786700339243,0.04165361691486158,-0.10620810521223945,-0.0038880871876223466,-0.006809268887860043,0,0,0,1,0,0,0,0,0,0,0
2010-06-01,0.3900000000000005,8768.0,2.904456404671585,23.712658058721203,2.553333333333333,31.17433809523809,2.400459145564815,75.65863636363636,-1.7542904087549438,11.4016,6.7,21795.0,12.43253812573677,-3.0999999999999943,1.0,95.883143963937,-0.5435182310169928,100.39,96.9,101.0,0.5,0.2900000000000062,0.6299999999999955,0.02904456404671585,0.02400459145564815,-0.017542904087549438,0.07209471784782906,-0.005435182310169928,0,0,0,0,1,0,0,0,0,0,0
2010-07-01,0.3599999999999994,9049.0,3.1545524163336225,22.829548914231168,2.6204545454545456,30.67911304347826,-1.6013193276323443,75.35636363636364,-0.4003219957646742,14.0216,6.8,21325.0,12.220075127236818,0.5999999999999943,0.7000000000000028,100.03285903354224,4.236852270834035,100.36,100.6,100.7,0.3900000000000005,0.5,0.2900000000000062,0.031545524163336225,-0.016013193276323445,-0.004003219957646742,-0.021800492312612718,0.04236852270834035,0,0,0,0,0,1,0,0,0,0,0
2010-08-01,0.5499999999999972,9070.0,0.2318009758049299,24.642797725416443,2.5777272727272726,30.35100476190476,-1.075244336907044,77.115,2.306943830466146,12.0911,6.7,20753.0,12.387901301623216,3.299999999999997,2.299999999999997,107.75659593152048,7.437621990247489,100.55,103.3,102.3,0.3599999999999994,0.3900000000000005,0.5,0.0023180097580492998,-0.010752443369070441,0.02306943830466146,-0.027189278838219977,0.0743762199024749,0,0,0,0,0,0,1,0,0,0,0
2010-09-01,0.8400000000000034,9242.0,1.878604832102937,25.176279291708603,2.63,30.81185909090909,1.5070028505196564,78.41727272727273,1.6746404313797925,9.4716,6.5,20999.0,10.859871114135622,-1.2999999999999972,1.5,114.12332208127285,5.740469409083904,100.84,98.7,101.5,0.5499999999999972,0.3599999999999994,0.3900000000000005,0.01878604832102937,0.01507002850519612,0.016746404313797925,0.011784003002459187,0.057404694090839925,0,0,0,0,0,0,0,1,0,0,0
2010-10-01,0.5,9447.0,2.1938918338923585,25.713818558433488,2.6904761904761907,30.32283636363636,-1.599854727933803,83.53619047619047,6.323573834513585,8.2648,6.7,20970.0,10.93423637157187,2.200000000000003,0.7999999999999972,120.05349508329076,5.065779946406224,100.5,102.2,100.8,0.8400000000000034,0.5499999999999972,0.3599999999999994,0.021938918338923585,-0.015998547279337583,0.06323573834513585,-0.001381972628152539,0.05065779946406135,0,0,0,0,0,0,0,0,1,0,0
2010-11-01,0.8100000000000023,9475.0,0.2959520181491371,25.955028547023492,3.0352380952380957,30.98664,2.16550398377211,86.15954545454545,3.0920800402507886,5.0068,6.6,21486.0,11.1710336227544,4.400000000000006,0.9000000000000057,124.22501885668204,3.415715347604653,100.81,104.4,100.9,0.5,0.8400000000000034,0.5499999999999972,0.0029595201814913707,0.021655039837721102,0.030920800402507886,0.02430871533052148,0.03415715347604653,0,0,0,0,0,0,0,0,0,1,0
2010-12-01,1.0799999999999983,9728.0,2.635157425532242,26.331043563049583,2.890434782608696,30.85773043478261,-0.4168843534410715,92.25478260869566,6.835336833646455,0.076,7.0,28027.0,15.494784813741802,1.0,-0.0999999999999943,129.3641506936116,4.053671184723395,101.08,101.0,99.9,0.8100000000000023,0.5,0.8400000000000034,0.02635157425532242,-0.0041688435344107155,0.06835336833646455,0.2657667710203331,0.04053671184723395,0,0,0,0,0,0,0,0,0,0,1
2011-01-01,2.3700000000000045,10860.0,11.007798928197763,26.570316573300623,2.7133333333333334,29.99192,-2.8459288263426696,96.90714285714286,4.919910430252017,4.4016,7.6,20669.0,8.746450766839153,2.200000000000003,0.4000000000000057,133.78751723781582,3.362154802503703,102.37,102.2,100.4,1.0799999999999983,0.8100000000000023,0.5,0.11007798928197765,-0.028459288263426696,0.04919910430252017,-0.30453333803498417,0.03362154802503703,0,0,0,0,0,0,0,0,0,0,0
2011-02-01,0.7800000000000011,10405.0,-4.279985466019198,25.760865137051603,2.814736842105263,29.32114736842105,-2.261900317920551,104.032,7.094531424549011,-0.1496,7.4,20680.0,8.383373367009028,3.4000000000000057,2.700000000000003,137.67608085264317,2.8650836717127426,100.78,103.4,102.7,2.3700000000000045,1.0799999999999983,0.8100000000000023,-0.04279985466019198,-0.022619003179205954,0.07094531424549011,0.0005320564105293357,0.028650836717127426,1,0,0,0,0,0,0,0,0,0,0
2011-03-01,0.6200000000000045,10548.0,1.3649808645443071,24.87579718396056,3.080909090909091,28.463686363636363,-2.9679896713158183,114.67173913043476,9.737506020801325,12.9037,7.0,22673.0,9.641783664989845,1.4000000000000057,-2.5,134.3222763088464,-2.4661726337446237,100.62,101.4,97.5,0.7800000000000011,2.3700000000000045,1.0799999999999983,0.013649808645443073,-0.02967989671315774,0.09737506020801323,0.0920077396042771,-0.024661726337446233,0,1,0,0,0,0,0,0,0,0,0
2011-04-01,0.4300000000000068,10489.0,-0.5609179511573359,22.950370952086278,3.2176190476190474,28.084022727272725,-1.3428283744517433,123.17476190476192,7.153057111518724,18.3951,7.1,22519.0,10.088544228205444,2.0,0.0999999999999943,136.3345453731237,1.4869798067676854,100.43,102.0,100.1,0.6200000000000045,0.7800000000000011,2.3700000000000045,-0.005609179511573359,-0.013428283744517433,0.07153057111518724,-0.006815391932303072,0.014869798067676854,0,0,1,0,0,0,0,0,0,0,0
2011-05-01,0.480000000000004,10507.0,0.1714612727171882,20.997753554769535,3.733,27.934284210526314,-0.5346069225027783,114.52181818181818,-7.283881879681786,11.9872,6.2,22779.0,11.62531910566802,1.0999999999999943,2.0999999999999943,135.1168350884412,-0.8971908346270041,100.48,101.1,102.1,0.4300000000000068,0.6200000000000045,0.7800000000000011,0.0017146127271718825,-0.005346069225027783,-0.07283881879681786,0.01147966158700342,-0.008971908346270041,0,0,0,1,0,0,0,0,0,0,0
2011-06-01,0.2300000000000039,10572.0,0.6167295035403697,18.710026653638323,3.71,27.98714761904762,0.1890632000591363,113.9018181818182,-0.5428523356228787,13.5536,6.0,24137.0,10.206534719410776,-2.299999999999997,0.2000000000000028,134.7502553915953,-0.2716744169595664,100.23,97.7,100.2,0.480000000000004,0.4300000000000068,0.6200000000000045,0.006167295035403697,0.0018906320005913635,-0.005428523356227899,0.057906873985256624,-0.002716744169595664,0,0,0,0,1,0,0,0,0,0,0
2011-07-01,-0.0100000000000051,10961.0,3.613452149154384,19.168926386459084,3.848571428571428,27.912254545454548,-0.2679567777279956,116.7547619047619,2.473884961840511,14.4925,6.4,23598.0,10.128186929998506,-1.7999999999999972,1.2000000000000028,132.97702406957563,-1.324674314477381,99.99,98.2,101.2,0.2300000000000039,0.480000000000004,0.4300000000000068,0.036134521491543836,-0.0026795677772799564,0.024738849618404224,-0.022583970206735415,-0.01324674314477381,0,0,0,0,0,1,0,0,0,0,0
2011-08-01,-0.2399999999999948,10963.0,0.0182448458815542,18.95537025653571,3.9373913043478255,28.746490909090912,2.9449881044544046,109.92608695652174,-6.026747972721136,12.6452,6.0,23051.0,10.501833791001758,3.299999999999997,2.700000000000003,132.72231002654598,-0.1917310947919581,99.76,103.3,102.7,-0.0100000000000051,0.2300000000000039,0.480000000000004,0.00018244845881554284,0.029449881044544046,-0.06026747972721136,-0.02345281022818746,-0.0019173109479195816,0,0,0,0,0,0,1,0,0,0,0
2011-09-01,-0.0400000000000062,11098.0,1.223894521130653,18.300659945563424,4.433636363636364,30.571731818181817,6.156008074563113,109.905,-0.0191846902805714,12.0685,6.0,23468.0,11.116297352163151,0.5,0.9000000000000057,130.14069727233985,-1.964289907816408,99.96,100.5,100.9,-0.2399999999999948,-0.0100000000000051,0.2300000000000039,0.012238945211306529,0.06156008074563113,-0.00019184690280482641,0.017928638614073122,-0.019642899078164078,0,0,0,0,0,0,0,1,0,0,0
2011-10-01,0.480000000000004,11359.0,2.324546934557503,18.43131504622857,4.929523809523809,31.388166666666663,2.635517893234729,108.78666666666666,-1.0227578387546288,7.0543,6.2,23602.0,11.823860928972785,0.9000000000000057,1.4000000000000057,125.60926569420734,-3.544012915204764,100.48,100.9,101.4,-0.0400000000000062,-0.2399999999999948,-0.0100000000000051,0.02324546934557503,0.02635517893234729,-0.010227578387547176,0.005693663139943794,-0.03544012915204764,0,0,0,0,0,0,0,0,1,0,0
2011-11-01,0.4200000000000017,11131.0,-2.0276372738194937,16.10772575425994,5.054285714285714,30.822985714285718,-1.817026306710368,110.49136363636364,1.5548582873908146,4.4198,6.2,24296.0,12.291016749909645,1.0,0.2999999999999971,125.93965636451236,0.2626851727968393,100.42,101.0,100.3,0.480000000000004,-0.0400000000000062,-0.2399999999999948,-0.020276372738194937,-0.01817026306710323,0.015548582873909034,0.028980273539890078,0.0026268517279683934,0,0,0,0,0,0,0,0,0,1,0
2011-12-01,0.4399999999999977,11354.0,1.98360962374462,15.456177952472316,5.406818181818182,31.49111739130435,2.1444817419067785,107.77045454545454,-2.493381643012693,0.8793,6.0,32809.0,15.753453673119822,0.2000000000000028,-0.2999999999999971,121.934727150227,-3.231699629338891,100.44,100.2,99.7,0.4200000000000017,0.480000000000004,-0.0400000000000062,0.0198360962374462,0.02144481741906734,-0.02493381643012782,0.30039114025243485,-0.03231699629338891,0,0,0,0,0,0,0,0,0,0,1
2012-01-01,0.5,12757.0,11.65100358076181,16.09938260503636,4.83625,31.2383,-0.8060612410743406,111.30818181818182,3.229922263766394,3.6717,6.3,23746.0,13.877910201390089,-0.2000000000000028,0.4000000000000057,122.23386636552344,0.2450268977299607,100.5,99.8,100.4,0.4399999999999977,0.4200000000000017,0.480000000000004,0.1165100358076181,-0.008060612410743406,0.03229922263766394,-0.3232887727522815,0.002450268977299608,0,0,0,0,0,0,0,0,0,0,0
2012-02-01,0.3700000000000045,12196.0,-4.497211143014468,15.882156928041091,4.408,29.88546,-4.427283158218209,119.06000000000002,6.732480075130898,-2.2524,6.2,24036.0,15.038565683145322,1.0999999999999943,2.700000000000003,125.34093310931512,2.5101342218265543,100.37,101.1,102.7,0.5,0.4399999999999977,0.4200000000000017,-0.04497211143014468,-0.04427283158218209,0.06732480075130898,0.012138611228081686,0.025101342218265543,1,0,0,0,0,0,0,0,0,0,0
2012-03-01,0.5799999999999983,12199.0,0.0245952040591745,14.54177126755596,5.118095238095238,29.33186363636364,-1.8697653245950183,124.54454545454546,4.503587900184325,14.4458,6.3,25487.0,11.69937290041041,2.200000000000003,-2.5,125.6531273001426,0.2487663264369999,100.58,102.2,97.5,0.3700000000000045,0.5,0.4399999999999977,0.0002459520405917459,-0.018697653245950185,0.04503587900184325,0.058615811776927984,0.002487663264369999,0,1,0,0,0,0,0,0,0,0,0
2012-04-01,0.3100000000000023,12210.0,0.0901306956013314,15.192819914314626,5.342380952380952,29.490885714285717,0.5406835521287956,120.59857142857145,-3.219600803839473,17.4899,5.6,25800.0,13.601509461536844,0.7000000000000028,0.2999999999999971,124.39802286823016,-1.0038865821750953,100.31,100.7,100.3,0.5799999999999983,0.3700000000000045,0.5,0.0009013069560133147,0.005406835521287956,-0.03219600803839473,0.012205973678961257,-0.010038865821750953,0,0,1,0,0,0,0,0,0,0,0
2012-05-01,0.519999999999996,12157.0,-0.4350152548957098,14.586343386701728,5.794761904761905,30.80437,4.357530626156692,110.28869565217391,-8.9366004969051,13.2723,5.2,26385.0,14.695660795842436,-2.4000000000000057,1.2999999999999972,119.00980250156351,-4.42804231548779,100.52,97.6,101.3,0.3100000000000023,0.5799999999999983,0.3700000000000045,-0.004350152548957098,0.043575306261566915,-0.089366004969051,0.02242117493005935,-0.0442804231548779,0,0,0,1,0,0,0,0,0,0,0
2012-06-01,0.8900000000000006,12215.0,0.4759569136046693,14.445570796766027,5.7735,32.878366666666665,6.515833033415541,95.92714285714284,-13.951245895531272,13.8474,5.2,27494.0,13.02218661647654,-0.7999999999999972,0.4000000000000057,115.78456889826302,-2.7474563913923333,100.89,99.2,100.4,0.519999999999996,0.3100000000000023,0.5799999999999983,0.004759569136046693,0.06515833033415541,-0.13951245895531272,0.041172132191597655,-0.027474563913923333,0,0,0,0,1,0,0,0,0,0,0
2012-07-01,1.230000000000004,12567.0,2.8409625923304205,13.673081239942064,5.6059090909090905,32.525104761904764,-1.0802648007170124,102.72363636363636,6.845326528706597,12.9563,5.2,26684.0,12.290217216954067,-1.0999999999999943,1.5,121.9518897233841,5.189532066080105,101.23,98.9,101.5,0.8900000000000006,0.519999999999996,0.3100000000000023,0.028409625923304205,-0.010802648007170124,0.06845326528706597,-0.029903664201960112,0.05189532066080105,0,0,0,0,0,1,0,0,0,0,0
2012-08-01,0.0999999999999943,12382.0,-1.4830525535966643,12.171783840463846,5.334347826086956,31.956795652173916,-1.7627390683415456,112.6782608695652,9.249426859525745,13.2702,5.0,25718.0,10.948198339870707,5.099999999999994,1.7999999999999972,123.1758398564848,0.9986306378729992,100.1,105.1,101.8,1.230000000000004,0.8900000000000006,0.519999999999996,-0.014830525535966643,-0.017627390683415456,0.09249426859525745,-0.03687299899902108,0.009986306378729992,0,0,0,0,0,0,1,0,0,0,0
2012-09-01,0.5499999999999972,12176.0,-1.677700397770998,9.270188921562196,5.5245,31.517657142857143,-1.3836921672474745,113.034,0.3152149764639844,10.7847,5.0,25996.0,10.23048889684901,4.799999999999997,1.0,125.1267573146247,1.5714355201979835,100.55,104.8,101.0,0.0999999999999943,1.230000000000004,0.8900000000000006,-0.01677700397770998,-0.013836921672474745,0.0031521497646398444,0.010751544183856154,0.015714355201979835,0,0,0,0,0,0,0,1,0,0,0
2012-10-01,0.4599999999999937,12332.0,1.2730708904573618,8.218712877462053,6.097391304347826,31.11565,-1.2837024954204246,111.52,-1.3484711399078364,6.0937,5.1,26803.0,12.718236734691324,-1.5999999999999943,0.9000000000000057,124.0125149830049,-0.8944794214768237,100.46,98.4,100.9,0.5499999999999972,0.0999999999999943,1.230000000000004,0.012730708904573618,-0.012837024954204246,-0.013484711399078364,0.03057114151836693,-0.008944794214768237,0,0,0,0,0,0,0,0,1,0,0
2012-11-01,0.3400000000000034,12178.0,-1.2566464837520996,8.989703667529447,6.118571428571429,31.398766666666667,0.9057705962321804,109.52727272727272,-1.80303627649554,6.0932,5.2,27448.0,12.198157781270249,-1.2000000000000028,-0.4000000000000057,123.52651792469683,-0.3926634737504209,100.34,98.8,99.6,0.4599999999999937,0.5499999999999972,0.0999999999999943,-0.012566464837520996,0.009057705962321805,-0.0180303627649554,0.023779484005679308,-0.003926634737504209,0,0,0,0,0,0,0,0,0,1,0
2012-12-01,0.5400000000000063,12302.0,1.013080559979329,8.019174603764156,6.167142857142856,30.73725909090909,-2.1293044127578487,109.19380952380952,-0.3049211885758573,1.1056,5.1,36450.0,10.52385904587858,-1.0999999999999943,0.5999999999999943,122.78883846622188,-0.5989733443775513,100.54,98.9,100.6,0.3400000000000034,0.4599999999999937,0.5499999999999972,0.010130805599793291,-0.021293044127578487,-0.0030492118857585737,0.2836481528985182,-0.005989733443775513,0,0,0,0,0,0,0,0,0,0,1
2013-01-01,0.9699999999999988,13694.0,10.719592991269522,7.087764014271869,5.420588235294118,30.22714375,-1.6735249512446426,112.23782608695652,2.749569481103453,3.6026,6.0,26840.0,12.24792168598814,-0.4000000000000057,-0.7999999999999972,123.42768471554382,0.5189316092113039,100.97,99.6,99.2,0.5400000000000063,0.3400000000000034,0.4599999999999937,0.10719592991269522,-0.016735249512446426,0.027495694811034532,-0.30604814635118593,0.005189316092113039,0,0,0,0,0,0,0,0,0,0,0
2013-02-01,0.5600000000000023,13108.0,-4.3735049862304365,7.2114701710559,5.658,30.16307,-0.2121991960754687,116.0725,3.3594928702672,-0.2925,5.8,26620.0,10.21101064952834,0.7999999999999972,2.299999999999997,123.32851454699411,-0.0803790739080767,100.56,100.8,102.3,0.9699999999999988,0.5400000000000063,0.3400000000000034,-0.043735049862304365,-0.0021219919607546878,0.033594928702672,-0.0082304991365163,-0.0008037907390807675,1,0,0,0,0,0,0,0,0,0,0
2013-03-01,0.3400000000000034,13190.0,0.6236235892655984,7.810498556262324,6.028499999999999,30.80029047619048,2.090579256981462,109.54333333333332,-5.789478669840431,13.3124,5.7,28693.0,11.848467232890414,0.5,-2.799999999999997,122.94487055199929,-0.3115596962902422,100.34,100.5,97.2,0.5600000000000023,0.9699999999999988,0.5400000000000063,0.0062362358926559835,0.020905792569815063,-0.05789478669840431,0.07499037761054872,-0.0031155969629024227,0,1,0,0,0,0,0,0,0,0,0
2013-04-01,0.5100000000000051,13394.0,1.5347878758635858,9.255155736524578,6.216818181818183,31.350214285714287,1.7696981345360907,103.425,-5.74734968293269,15.4027,5.6,30026.0,15.168918106254203,-1.2000000000000028,0.2000000000000028,122.88753578387046,-0.0466454118258852,100.51,98.8,100.2,0.3400000000000034,0.5600000000000023,0.9699999999999988,0.015347878758635858,0.017696981345360463,-0.0574734968293269,0.04541048241259915,-0.0004664541182588522,0,0,1,0,0,0,0,0,0,0,0
2013-05-01,0.6599999999999966,13273.0,-0.9074948843794672,8.782676107040821,6.372777777777777,31.30588333333333,-0.1415056521642643,103.27652173913044,-0.143664434744295,13.3758,5.2,29723.0,11.912549002412833,-1.0,1.2000000000000028,122.1549476880995,-0.5979291982431967,100.66,99.0,101.2,0.5100000000000051,0.3400000000000034,0.5600000000000023,-0.009074948843794672,-0.0014150565216430877,-0.0014366443474429502,-0.010142516108354371,-0.005979291982431967,0,0,0,1,0,0,0,0,0,0,0
2013-06-01,0.4200000000000017,13384.0,0.8328067040459075,9.13952589748206,6.297368421052632,32.306795,3.147153381673373,103.341,0.0624131607231959,10.1688,5.4,30986.0,11.956769052487104,0.4000000000000057,0.9000000000000057,120.91196544163932,-1.0227579438506496,100.42,100.4,100.9,0.6599999999999966,0.5100000000000051,0.3400000000000034,0.008328067040459075,0.031471533816734176,0.0006241316072319592,0.04161433269234038,-0.010227579438506496,0,0,0,0,1,0,0,0,0,0,0
2013-07-01,0.8199999999999932,13984.0,4.385385522865626,10.683948828017265,6.075652173913044,32.74075,1.334289981805048,107.42695652173914,3.877694279684718,12.2209,5.3,30229.0,12.473759367482272,2.0,0.2000000000000028,117.96972214610234,-2.463472290604596,100.82,102.0,100.2,0.4200000000000017,0.6599999999999966,0.5100000000000051,0.04385385522865626,0.01334289981805048,0.03877694279684718,-0.02473376105200842,-0.02463472290604596,0,0,0,0,0,1,0,0,0,0,0
2013-08-01,0.1400000000000005,14003.0,0.135777346046062,12.302778727659993,6.114090909090908,33.02487391304348,0.8640553037899235,110.44909090909093,2.774355663675099,12.0245,5.2,29226.0,12.78675882042144,2.799999999999997,1.5,116.17588314168206,-1.5322722793881027,100.14,102.8,101.5,0.8199999999999932,0.4200000000000017,0.6599999999999966,0.0013577734604606206,0.008640553037899235,0.027743556636750988,-0.03374300446962941,-0.015322722793881027,0,0,0,0,0,0,1,0,0,0,0
2013-09-01,0.2099999999999937,13844.0,-1.1419666600541944,12.838512465376796,6.24952380952381,32.60167,-1.2897518422134269,111.2547619047619,0.7268024727746791,7.9352,5.3,29346.0,12.121357075317183,1.4000000000000057,1.5999999999999943,116.38128254171944,0.1766442696728987,100.21,101.4,101.6,0.1400000000000005,0.8199999999999932,0.4200000000000017,-0.011419666600541944,-0.012897518422134269,0.007268024727746791,0.004097526732813606,0.001766442696728987,0,0,0,0,0,0,0,1,0,0,0
2013-10-01,0.5699999999999932,13841.0,-0.0216723858533995,11.543769189066031,6.058260869565218,32.09922608695652,-1.5531593649743325,109.4404347826087,-1.644229710795564,4.831,5.5,30069.0,11.498091916036834,-1.2000000000000028,0.4000000000000057,118.70401176576055,1.976137910467557,100.57,98.8,100.4,0.2099999999999937,0.1400000000000005,0.8199999999999932,-0.0002167238585339959,-0.015531593649743325,-0.01644229710795564,0.024338489925563422,0.01976137910467557,0,0,0,0,0,0,0,0,1,0,0
2013-11-01,0.5600000000000023,13679.0,-1.1773391807256672,11.623076492092466,6.204,32.694,1.8359654424290104,107.90380952380951,-1.4140248960406332,4.2767,5.4,30290.0,9.85243194829959,-1.5,-0.9000000000000057,118.61190605081752,-0.0776228753765373,100.56,98.5,99.1,0.5699999999999932,0.2099999999999937,0.1400000000000005,-0.011773391807256672,0.01835965442429055,-0.014140248960406332,0.007322884328306856,-0.0007762287537653734,0,0,0,0,0,0,0,0,0,1,0
2013-12-01,0.5100000000000051,14070.0,2.8183061018989264,13.428302034012065,6.397272727272727,32.88070476190476,0.569442949375043,110.77318181818184,2.624452596405113,-2.1104,5.6,39648.0,8.409904699206372,1.0,0.5999999999999943,118.22852915704286,-0.3237430536593422,100.51,101.0,100.6,0.5600000000000023,0.5699999999999932,0.2099999999999937,0.028183061018989264,0.005694429493749986,0.026244525964051135,0.269222880407586,-0.003237430536593422,0,0,0,0,0,0,0,0,0,0,1
2014-01-01,0.5900000000000034,15512.0,9.75690468140531,12.46561372414785,6.056470588235294,33.784352941176465,2.711176024626916,107.2991304347826,-3.186415811656396,2.0959,5.6,29535.0,9.56826886557174,0.4000000000000057,-1.0,116.23174970169876,-1.703339894567346,100.59,100.4,99.0,0.5100000000000051,0.5600000000000023,0.5699999999999932,0.0975690468140531,0.027111760246269156,-0.031864158116563956,-0.29446450468753227,-0.01703339894567346,0,0,0,0,0,0,0,0,0,0,0
2014-02-01,0.7000000000000028,14695.0,-5.410661806947026,11.42845690343126,5.9935,35.24404,4.229867237975871,108.835,1.4212428319066106,-4.1795,5.6,29255.0,9.43876862732349,-0.4000000000000057,3.0,118.61846202712552,2.0326100452528806,100.7,99.6,103.0,0.5900000000000034,0.5100000000000051,0.5600000000000023,-0.05410661806947026,0.042298672379758706,0.014212428319066106,-0.00952550151899878,0.020326100452528806,1,0,0,0,0,0,0,0,0,0,0
2014-03-01,1.019999999999996,14971.0,1.8607696596818712,12.665602973847534,7.845000000000001,36.198565,2.672304021323235,107.74809523809525,-1.003692264387812,8.5155,5.4,31486.0,9.28898120149224,2.299999999999997,-4.200000000000003,122.14211671533634,2.92731171012246,101.02,102.3,95.8,0.7000000000000028,0.5900000000000034,0.5100000000000051,0.018607696596818712,0.026723040213232352,-0.010036922643878121,0.07349250335223623,0.0292731171012246,0,1,0,0,0,0,0,0,0,0,0
2014-04-01,0.9000000000000057,14743.0,-1.5346602600015302,9.596154837982418,7.874545454545455,35.66772727272728,-1.4773195191832844,108.14090909090908,0.363903930655951,12.046,5.3,32947.0,9.283653677239911,0.7000000000000028,0.4000000000000057,121.46415205334748,-0.5566083465471827,100.9,100.7,100.4,1.019999999999996,0.7000000000000028,0.5900000000000034,-0.015346602600015302,-0.014773195191832844,0.0036390393065595106,0.04535720717007585,-0.005566083465471827,0,0,1,0,0,0,0,0,0,0,0
2014-05-01,0.9000000000000057,14777.0,0.2303524053813177,10.734002127743205,8.214736842105264,34.833655,-2.3662264826314505,109.23909090909092,1.0103884081406278,9.8504,4.9,32272.0,8.227882433009626,0.4000000000000057,2.4000000000000057,121.196698241373,-0.2204343386656759,100.9,100.4,102.4,0.9000000000000057,1.019999999999996,0.7000000000000028,0.0023035240538131774,-0.023662264826314505,0.010103884081406278,-0.02070022855065723,-0.0022043433866567597,0,0,0,1,0,0,0,0,0,0,0
2014-06-01,0.6200000000000045,14700.0,-0.5224424136805794,9.378753010016716,8.233157894736843,34.449533333333335,-1.108856597818786,111.96714285714286,2.4666486296649026,7.4008,4.9,33726.0,8.473356367389329,0.7999999999999972,0.4000000000000057,119.2437150387654,-1.6245406729138878,100.62,100.8,100.4,0.9000000000000057,0.9000000000000057,1.019999999999996,-0.005224424136805794,-0.011088565978187859,0.024666486296649026,0.04406907203613741,-0.016245406729138878,0,0,0,0,1,0,0,0,0,0,0
2014-07-01,0.4899999999999949,14940.0,1.6194685919980856,6.612836079149176,8.172173913043478,34.635408695652174,0.5381080315831621,108.18521739130432,-3.4360726829812727,9.282,4.9,32515.0,7.2899792799024254,1.5999999999999943,0.2999999999999971,116.25426293653972,-2.5389710085133466,100.49,101.6,100.3,0.6200000000000045,0.9000000000000057,0.9000000000000057,0.016194685919980856,0.005381080315831621,-0.03436072682981273,-0.03656753192687745,-0.025389710085133466,0,0,0,0,0,1,0,0,0,0,0
2014-08-01,0.2399999999999948,14791.0,-1.0023292015437946,5.474729531559319,7.877142857142856,36.09842727272727,4.137276705586279,103.39571428571428,-4.528122077617258,10.2617,4.8,30763.0,5.125394508809045,0.0,1.4000000000000057,112.78604152496165,-3.028712815618295,100.24,100.0,101.4,0.4899999999999949,0.6200000000000045,0.9000000000000057,-0.010023292015437946,0.04137276705586279,-0.04528122077617258,-0.05538885218056322,-0.030287128156182952,0,0,0,0,0,0,1,0,0,0,0
2014-09-01,0.6500000000000057,14784.0,-0.0473372789905113,6.569358912623002,7.949090909090909,37.90178095238095,4.87488032749539,98.57,-4.779655762420454,4.6957,4.9,31929.0,8.435843694174139,-0.7999999999999972,1.5,109.21106324317252,-3.2210216131006497,100.65,99.2,101.5,0.2399999999999948,0.4899999999999949,0.6200000000000045,-0.0004733727899051132,0.0487488032749539,-0.04779655762420454,0.03720201858646455,-0.0322102161310065,0,0,0,0,0,0,0,1,0,0,0
2014-10-01,0.8199999999999932,14747.0,-0.2505842630524668,6.340447035423935,8.240434782608697,40.79868695652174,7.365179664171784,88.0495652173913,-11.28670586531575,3.6106,5.1,32439.0,7.586666192067071,0.2999999999999971,-0.2000000000000028,109.33727670791446,0.1155016586276147,100.82,100.3,99.8,0.6500000000000057,0.2399999999999948,0.4899999999999949,-0.0025058426305246684,0.07365179664171784,-0.11286705865315749,0.015846714904492742,0.0011550165862761475,0,0,0,0,0,0,0,0,1,0,0
2014-11-01,1.2800000000000011,14260.0,-3.358125728265371,4.159660487884231,10.211111111111112,46.21748421052632,12.470827415625465,79.62899999999999,-10.052154891481546,-0.0036,5.2,32546.0,7.183684819927727,-0.5,0.7000000000000028,108.1385690831083,-1.1023934727527165,101.28,99.5,100.7,0.8199999999999932,0.6500000000000057,0.2399999999999948,-0.03358125728265371,0.12470827415625463,-0.10052154891481546,0.0032930706069134175,-0.011023934727527163,0,0,0,0,0,0,0,0,0,1,0
2014-12-01,2.6200000000000045,14721.0,3.181663078972541,4.523017464957846,15.468695652173912,55.77043636363636,18.788574210402853,63.26636363636364,-23.002454034394404,-8.5434,5.3,42136.0,6.086197673435656,0.7999999999999972,0.0,105.17369795791988,-2.780020215639123,102.62,100.8,100.0,1.2800000000000011,0.8199999999999932,0.6500000000000057,0.03181663078972541,0.18788574210402853,-0.23002454034394404,0.2582480089426653,-0.02780020215639123,0,0,0,0,0,0,0,0,0,0,1
2015-01-01,3.8499999999999934,15341.0,4.125393708676128,-1.1084935077713354,16.964666666666666,65.1530875,15.549577837060369,50.03454545454545,-23.4640131814182,-4.1174,5.5,30929.0,4.611825434496097,1.2999999999999972,-0.2999999999999971,100.96111856901736,-4.087777157199124,103.85,101.3,99.7,2.6200000000000045,1.2800000000000011,0.8199999999999932,0.04125393708676128,0.1554957783706037,-0.23464013181418197,-0.30920822707692786,-0.04087777157199124,0,0,0,0,0,0,0,0,0,0,0
2015-02-01,2.219999999999999,14955.0,-2.54832907807252,1.7538392211031706,15.116315789473685,64.51817368421052,-0.9792746424929888,58.795,16.13431413241311,-12.7268,5.8,31325.0,6.836600154193206,2.0999999999999943,3.0999999999999943,98.71159167102944,-2.2533095041180395,102.22,102.1,103.1,3.8499999999999934,2.6200000000000045,1.2800000000000011,-0.0254832907807252,-0.009792746424929888,0.16134314132413108,0.01272224567797231,-0.022533095041180395,1,0,0,0,0,0,0,0,0,0,0
2015-03-01,1.2099999999999935,14921.0,-0.2276075423626622,-0.3345379809413629,14.902857142857142,60.36309,-6.656912122773306,56.93863636363637,-3.2082684366347536,0.2555,5.9,32642.0,3.6056800136067935,5.5,-3.799999999999997,95.71714879048167,-3.0804907400268533,101.21,105.5,96.2,2.219999999999999,3.8499999999999934,2.6200000000000045,-0.0022760754236266223,-0.06656912122773306,-0.032082684366347536,0.0411833019463721,-0.03080490740026942,0,1,0,0,0,0,0,0,0,0,0
2015-04-01,0.4599999999999937,14750.0,-1.1526533872455502,0.0474688918146171,14.357727272727272,53.21869545454546,-12.596807249911413,60.84318181818182,6.632563124378166,4.7824,5.8,34377.0,4.248752634990893,2.700000000000003,0.2999999999999971,94.59117637503756,-1.1833276902207146,100.46,102.7,100.3,1.2099999999999935,2.219999999999999,3.8499999999999934,-0.011526533872455502,-0.12596807249911413,0.06632563124378166,0.05178793338391685,-0.011833276902206258,0,0,1,0,0,0,0,0,0,0,0
2015-05-01,0.3499999999999943,14754.0,0.0271149676281723,-0.1557685459385283,12.828333333333331,50.46795789473684,-5.30711151642711,65.60857142857142,7.540658528259758,3.9091,5.6,34380.0,6.327501874284813,-1.2000000000000028,2.0999999999999943,95.04528920544632,0.4789307763513939,100.35,98.8,102.1,0.4599999999999937,1.2099999999999935,2.219999999999999,0.0002711496762817234,-0.0530711151642711,0.07540658528259758,8.726384228197048e-05,0.004789307763513939,0,0,0,1,0,0,0,0,0,0,0
2015-06-01,0.1899999999999977,14823.0,0.4665796069611261,0.8332534747031772,12.503333333333334,54.44904,7.592658060065327,63.75272727272727,-2.869438556328241,2.2958,5.4,35395.0,4.830151397815996,0.7000000000000028,0.4000000000000057,94.57184511458404,-0.4993695073133075,100.19,100.7,100.4,0.3499999999999943,0.4599999999999937,1.2099999999999935,0.004665796069611261,0.07592658060065327,-0.02869438556328241,0.02909556727144924,-0.004993695073133075,0,0,0,0,1,0,0,0,0,0,0
2015-07-01,0.7999999999999972,15024.0,1.3468893934184931,0.560674276123585,11.524347826086956,57.17966956521739,4.893318965547699,56.76434782608696,-11.61035143362179,4.4566,5.3,33901.0,4.174299115529045,1.5,-0.0999999999999943,93.77001809995838,-0.8514642950312457,100.8,101.5,99.9,0.1899999999999977,0.3499999999999943,0.4599999999999937,0.013468893934184933,0.048933189655476994,-0.1161035143362179,-0.043126054749746956,-0.008514642950312457,0,0,0,0,0,1,0,0,0,0,0
2015-08-01,0.3499999999999943,14964.0,-0.4001605980008094,1.1628428796665702,10.858095238095238,65.42299047619048,13.467532499689394,48.205714285714286,-16.34308818607595,2.6791,5.3,32176.0,4.490816388974395,0.0999999999999943,1.7999999999999972,89.51407272541337,-4.644931838075816,100.35,100.1,101.8,0.7999999999999972,0.1899999999999977,0.3499999999999943,-0.004001605980008094,0.13467532499689394,-0.1634308818607595,-0.05222367944610973,-0.046449318380758164,0,0,0,0,0,0,1,0,0,0,0
2015-09-01,0.5699999999999932,15179.0,1.426557715882204,2.636737874539285,11.146363636363636,66.78289545454545,2.0573258663048044,48.53954545454545,0.6901268231403801,-1.0837,5.2,32911.0,3.0292260667531323,-1.0999999999999943,1.2000000000000028,88.88774888896701,-0.7021524825455039,100.57,98.9,101.2,0.3499999999999943,0.7999999999999972,0.1899999999999977,0.01426557715882204,0.020573258663048044,0.006901268231403801,0.022586115364251924,-0.007021524825455039,0,0,0,0,0,0,0,1,0,0,0
2015-10-01,0.7399999999999949,14981.0,-1.313016210947637,1.574305926644115,11.14090909090909,63.24558695652174,-5.442163794987032,49.29272727272728,1.539771443699367,-2.5027,5.5,33357.0,2.7906242757712363,1.7999999999999972,-0.0999999999999943,90.25827727458106,1.5300982710892086,100.74,101.8,99.9,0.5699999999999932,0.3499999999999943,0.7999999999999972,-0.013130162109476373,-0.054421637949870316,0.01539771443699367,0.013460696994673782,0.015300982710892086,0,0,0,0,0,0,0,0,1,0,0
2015-11-01,0.75,14789.0,-1.2899070350613329,3.642524619848153,11.425,65.02956315789474,2.7816630576032786,45.93238095238095,-7.060621463005035,-3.4454,5.8,33347.0,2.431334005452612,-0.7000000000000028,0.0999999999999943,87.73350446922166,-2.837144654306289,100.75,99.3,100.1,0.7399999999999949,0.5699999999999932,0.3499999999999943,-0.012899070350613329,0.027816630576032786,-0.07060621463005035,-0.0002998320962728229,-0.028371446543062895,0,0,0,0,0,0,0,0,0,1,0
2015-12-01,0.769999999999996,15250.0,3.0695841868789486,3.530445727754561,11.066521739130437,69.70484782608696,6.942788377823028,38.90409090909091,-16.607092586040253,-9.8843,5.8,43408.0,2.9741273735487184,-2.200000000000003,-0.4000000000000057,87.00395903375735,-0.8350237663822035,100.77,97.8,99.6,0.75,0.7399999999999949,0.5699999999999932,0.030695841868789486,0.06942788377823028,-0.1660709258604025,0.26367594262362637,-0.008350237663822035,0,0,0,0,0,0,0,0,0,0,1
2016-01-01,0.9599999999999936,16516.0,7.975010497042234,7.380062516120667,11.017333333333331,77.934425,11.159789988127766,31.9255,-19.769434635001023,-6.1036,5.8,32660.0,5.445683243815935,-1.4000000000000057,-0.0999999999999943,84.93427699683282,-2.40758781484276,100.96,98.6,99.9,0.769999999999996,0.75,0.7399999999999949,0.07975010497042234,0.11159789988127766,-0.19769434635001026,-0.2844926683742557,-0.0240758781484276,0,0,0,0,0,0,0,0,0,0,0
2016-02-01,0.6299999999999955,15907.0,-3.757034410761939,6.171357183431248,10.8425,77.3284947368421,-0.7805254987977683,33.52714285714286,4.895028180670025,-11.3746,5.8,33873.0,7.82017360843632,-1.5999999999999943,2.9000000000000057,86.08065456692162,1.3406954948266048,100.63,98.4,102.9,0.9599999999999936,0.769999999999996,0.75,-0.03757034410761939,-0.007805254987977683,0.04895028180670025,0.03646714932417616,0.013406954948266048,1,0,0,0,0,0,0,0,0,0,0
2016-03-01,0.4599999999999937,16094.0,1.168726780771756,7.567691506565666,10.94047619047619,70.41831904761905,-9.360906992379991,39.79,17.126027912905116,2.2386,6.0,35501.0,8.396106237021073,3.0999999999999943,-4.099999999999994,87.43465713713529,1.5607038258004025,100.46,103.1,95.9,0.6299999999999955,0.9599999999999936,0.769999999999996,0.01168726780771756,-0.09360906992379991,0.17126027912905117,0.04694262823221962,0.015607038258004025,0,1,0,0,0,0,0,0,0,0,0
2016-04-01,0.4399999999999977,16402.0,1.8956746890276928,10.61601958283891,10.732857142857142,66.68263636363636,-5.450884841082004,43.33952380952381,8.5449384288383,4.6624,5.9,36497.0,5.984232931727362,2.5999999999999943,0.9000000000000057,89.10282728262055,1.889932672814254,100.44,102.6,100.9,0.4599999999999937,0.6299999999999955,0.9599999999999936,0.018956746890276932,-0.05450884841082004,0.085449384288383,0.02766920033097975,0.01889932672814254,0,0,1,0,0,0,0,0,0,0,0
2016-05-01,0.4099999999999966,16310.0,-0.5624861981296192,10.026418417081118,11.06315789473684,65.83865555555556,-1.2737458360808418,47.64681818181818,9.475084436524384,2.3443,5.6,37270.0,8.071371353646306,1.0,1.7999999999999972,90.58938804539098,1.654601090655028,100.41,101.0,101.8,0.4399999999999977,0.4599999999999937,0.6299999999999955,-0.005624861981296192,-0.012737458360808418,0.09475084436524384,0.020958648061471408,0.01654601090655028,0,0,0,1,0,0,0,0,0,0,0
2016-06-01,0.3599999999999994,16736.0,2.57836712495898,12.138205935078972,10.639047619047618,65.21926666666667,-0.9452209983958682,49.92727272727273,4.675154800298165,2.6344,5.4,38447.0,8.271010227449338,2.700000000000003,0.9000000000000057,93.76406557022123,3.4444609898871548,100.36,102.7,100.9,0.4099999999999966,0.4399999999999977,0.4599999999999937,0.0257836712495898,-0.009452209983958682,0.04675154800298165,0.03109195600947956,0.03444460989887155,0,0,0,0,1,0,0,0,0,0,0
2016-07-01,0.5400000000000063,16850.0,0.6788568915858662,11.470173433246345,10.37904761904762,64.33796818181818,-1.3604984384596008,46.53476190476191,-7.036779994745057,4.2203,5.3,35888.0,5.695846530144699,0.0999999999999943,1.2999999999999972,92.9848885251337,-0.8344695372325184,100.54,100.1,101.3,0.3599999999999994,0.4099999999999966,0.4399999999999977,0.0067885689158586615,-0.013604984384596008,-0.07036779994745057,-0.06887769172279334,-0.008344695372325184,0,0,0,0,0,1,0,0,0,0,0
2016-08-01,0.0100000000000051,16647.0,-1.2120636786496777,10.658270352597476,10.339565217391304,64.93652727272728,0.9260347390304348,47.15913043478261,1.3328035733340735,4.0446,5.2,35405.0,9.56322200734423,-1.4000000000000057,1.5999999999999943,95.30428384200113,2.46377697992326,100.01,98.6,101.6,0.5400000000000063,0.3599999999999994,0.4099999999999966,-0.012120636786496775,0.009260347390304347,0.013328035733340737,-0.013549924674114422,0.0246377697992326,0,0,0,0,0,0,1,0,0,0,0
2016-09-01,0.1700000000000017,16697.0,0.2999042554945319,9.531616892209804,10.238636363636363,64.55720454545454,-0.5858566386151232,47.24045454545455,0.1722976447565916,4.114,5.2,35843.0,8.534134156622741,0.7000000000000028,1.0,96.10734025848848,0.8390933748563256,100.17,100.7,101.0,0.0100000000000051,0.5400000000000063,0.3599999999999994,0.0029990425549453192,-0.005858566386151232,0.001722976447565916,0.01229523685703704,0.008390933748563256,0,0,0,0,0,0,0,1,0,0,0
2016-10-01,0.4300000000000068,16524.0,-1.0415193032301318,9.80311379992731,10.323333333333332,62.62000476190476,-3.0466930980104223,51.387619047619054,8.414665555734091,1.3105,5.4,35749.0,6.925465133159925,0.2999999999999971,0.7999999999999972,95.91110544723004,-0.2043916966966819,100.43,100.3,100.8,0.1700000000000017,0.0100000000000051,0.5400000000000063,-0.010415193032301318,-0.030466930980104223,0.08414665555734091,-0.002625993239954383,-0.002043916966966819,0,0,0,0,0,0,0,0,1,0,0
2016-11-01,0.4399999999999977,16494.0,-0.1817191123354433,10.9113017226532,10.017142857142856,64.3137380952381,2.668847270414876,47.07863636363636,-8.757795115245814,-1.4784,5.4,36195.0,8.195317445215622,0.7000000000000028,-0.2999999999999971,95.9515213878803,0.0421300822518233,100.44,100.7,99.7,0.4300000000000068,0.1700000000000017,0.0100000000000051,-0.0018171911233544336,0.026688472704148758,-0.08757795115245814,0.012398691024284147,0.00042130082251823353,0,0,0,0,0,0,0,0,0,1,0
2016-12-01,0.4000000000000057,16584.0,0.5441696722314759,8.385887208005727,10.160454545454543,62.09129130434783,-3.516752218648289,54.92727272727273,15.4190678420417,-5.0891,5.3,47554.0,9.122215151363555,0.5999999999999943,-0.2000000000000028,95.27143549138606,-0.7113045159705678,100.4,100.6,99.8,0.4399999999999977,0.4300000000000068,0.1700000000000017,0.005441696722314759,-0.03516752218648289,0.154190678420417,0.2729449196851057,-0.007113045159705678,0,0,0,0,0,0,0,0,0,0,1
2017-01-01,0.6200000000000045,17642.0,6.184404770309726,6.595281481273219,10.114117647058825,59.62985625,-4.044935002759686,55.5,1.0373024598187008,-1.5703,5.6,34422.0,5.254480730546973,,-0.4000000000000057,97.7959691292804,2.6153327527285164,100.62,,99.6,0.4000000000000057,0.4399999999999977,0.4300000000000068,0.06184404770309726,-0.040449350027596864,0.010373024598187008,-0.3231700125824215,0.026153327527285164,0,0,0,0,0,0,0,0,0,0,0
2017-02-01,0.2199999999999988,17326.0,-1.8074159368627107,8.544899955172447,10.14111111111111,58.53936111111111,-1.845702494382984,56.04583333333333,0.9786787614201486,-6.3118,5.6,35497.0,4.682994900169923,,3.299999999999997,98.12457289415924,0.3354462677749303,100.22,,103.3,0.6200000000000045,0.4000000000000057,0.4399999999999977,-0.018074159368627107,-0.018457024943829836,0.009786787614201486,0.030752291020405664,0.0033544626777493036,1,0,0,0,0,0,0,0,0,0,0
2017-03-01,0.1299999999999954,17497.0,0.9821174194534876,8.358290593854178,9.897727272727272,58.006631818181816,-0.9142021786270328,52.57346153846154,-6.395834943209744,2.6607,5.4,37899.0,6.536386141729444,,-4.700000000000003,96.15850703498418,-2.023987859825116,100.13,,95.3,0.2199999999999988,0.6200000000000045,0.4000000000000057,0.009821174194534876,-0.009142021786270327,-0.06395834943209788,0.06547654064781483,-0.02023987859825116,0,1,0,0,0,0,0,0,0,0,0
2017-04-01,0.3299999999999983,17306.0,-1.0976175477935612,5.364998357032924,9.5765,56.43561428571428,-2.7456927518440644,53.98500000000001,2.6494771264611305,9.3463,5.3,39225.0,7.208423318940227,,1.5,95.03573687979927,-1.174494627830569,100.33,,101.5,0.1299999999999954,0.2199999999999988,0.6200000000000045,-0.010976175477935612,-0.027456927518440644,0.02649477126461175,0.03438957210308757,-0.01174494627830569,0,0,1,0,0,0,0,0,0,0,0
2017-05-01,0.3700000000000045,17288.0,-0.1040642979962314,5.823420257166312,9.1345,56.95006842105264,0.9074473131438944,51.48821538461539,-4.735327619761298,3.3918,5.2,39679.0,6.2633366995036965,,2.0999999999999943,97.3409511550804,2.3966777283972007,100.37,,102.1,0.3299999999999983,0.1299999999999954,0.2199999999999988,-0.001040642979962314,0.009074473131438943,-0.04735327619761298,0.011507781867106104,0.023966777283972007,0,0,0,1,0,0,0,0,0,0,0
2017-06-01,0.6099999999999994,17686.0,2.276074694895769,5.521127827103101,9.10904761904762,57.89317619047618,1.642463123103166,47.65411538461539,-7.738396069227571,6.1994,5.1,41454.0,7.530370923406693,,0.5,97.76181328483096,0.4314267752663525,100.61,,100.5,0.3700000000000045,0.3299999999999983,0.1299999999999954,0.02276074694895769,0.01642463123103166,-0.07738396069227571,0.043762298248509524,0.004314267752663525,0,0,0,0,1,0,0,0,0,0,0
2017-07-01,0.0699999999999931,18041.0,1.9873579317122747,6.829628867229509,8.947619047619048,59.69267619047619,3.060981344996083,49.143968,3.078511940455142,6.595,5.1,38073.0,5.91023917182838,,1.0999999999999943,100.02280692520344,2.286418565409853,100.07,,101.1,0.6099999999999994,0.3700000000000045,0.3299999999999983,0.019873579317122747,0.030609813449960832,0.03078511940455142,-0.08507900923857648,0.022864185654098534,0,0,0,0,0,1,0,0,0,0,0
2017-08-01,-0.5400000000000063,18058.0,0.0941854414621801,8.135877987341367,8.536521739130436,59.61272608695652,-0.134025976965546,51.99286071428571,5.635230248593892,5.5647,4.9,37099.0,4.673696196848276,,1.5,99.2355156422629,-0.7902258432211262,99.46,,101.5,0.0699999999999931,0.6099999999999994,0.3700000000000045,0.0009418544146218011,-0.0013402597696554608,0.05635230248593892,-0.02591535442391546,-0.007902258432211262,0,0,0,0,0,0,1,0,0,0,0
2017-09-01,-0.1500000000000056,18077.0,0.1051612107429988,7.941134942589834,8.373809523809523,57.744690909090906,-3.183766336127647,55.505184,6.537000659607584,5.29,5.0,38047.0,5.967394761179001,,0.5,99.69022019423026,0.4571609017647304,99.85,,100.5,-0.5400000000000063,0.0699999999999931,0.6099999999999994,0.001051612107429989,-0.03183766336127647,0.06537000659607584,0.025232222500344292,0.0045716090176473045,0,0,0,0,0,0,0,1,0,0,0
2017-10-01,0.2000000000000028,18009.0,-0.3768779054901472,8.605776340329818,8.043181818181818,57.69805238095238,-0.0807994150982871,57.701800000000006,3.881194707224722,1.716,5.0,38333.0,6.978884728433776,,0.4000000000000057,98.84875236936352,-0.8476651737824525,100.2,,100.4,-0.1500000000000056,-0.5400000000000063,0.0699999999999931,-0.003768779054901472,-0.0008079941509828714,0.03881194707224722,0.007488906432593367,-0.008476651737824525,0,0,0,0,0,0,0,0,1,0,0
2017-11-01,0.2199999999999988,18138.0,0.713755208755984,9.501250661421246,8.014285714285714,58.92655238095238,2.106837479141088,62.91373076923077,8.647606623372717,1.0642,5.1,38848.0,7.073560769192788,,-1.2000000000000028,98.8018433404309,-0.0474666212311625,100.22,,98.8,0.2000000000000028,-0.1500000000000056,-0.5400000000000063,0.00713755208755984,0.021068374791410882,0.08647606623372717,0.013345451431874267,-0.0004746662123116252,0,0,0,0,0,0,0,0,0,1,0
2017-12-01,0.4200000000000017,18368.0,1.2600835111779674,10.217164500367735,7.729523809523809,58.57385454545455,-0.6003364652152676,63.970529166666665,1.6658060432793498,-3.6623,5.1,51197.0,7.38150291485713,,0.4000000000000057,96.37387030892756,-2.4881151883747066,100.42,,100.4,0.2199999999999988,0.2000000000000028,-0.1500000000000056,0.012600835111779674,-0.006003364652152676,0.016658060432793498,0.2760243411417491,-0.024881151883747066,0,0,0,0,0,0,0,0,0,0,1
2018-01-01,0.3100000000000023,19509.0,6.026587741796874,10.059347471854885,7.087647058823529,56.4981,-3.608141958566336,68.99719999999999,7.564342852918671,-0.9767,5.2,39017.0,12.530155374206586,,0.0999999999999943,96.68358420588706,0.3208518038694485,100.31,,100.1,0.4200000000000017,0.2199999999999988,0.2000000000000028,0.06026587741796874,-0.036081419585663355,0.07564342852918671,-0.27168348798892694,0.0032085180386944856,0,0,0,0,0,0,0,0,0,0,0
2018-02-01,0.2099999999999937,18865.0,-3.356754413885099,8.510008994832496,7.145263157894736,56.80670526315789,0.5447359899046766,65.80587307692308,-4.735683322739526,-4.8372,5.0,40443.0,13.04453895088411,,0.2999999999999971,97.750691441399,1.0976644383221767,100.21,,100.3,0.3100000000000023,0.4200000000000017,0.2199999999999988,-0.03356754413885099,0.005447359899046766,-0.047356833227395256,0.035896126787180904,0.010976644383221767,1,0,0,0,0,0,0,0,0,0,0
2018-03-01,0.2900000000000062,19250.0,2.0202707317519497,9.548162307130958,7.1465000000000005,57.06360476190476,0.4512149559480427,66.6582,1.2868978978403334,4.4791,5.0,42364.0,11.137421846541251,,0.5,98.84703321254662,1.1153263732155416,100.29,,100.5,0.2099999999999937,0.3100000000000023,0.4200000000000017,0.020202707317519497,0.004512149559480427,0.012868978978403334,0.04640536960438624,0.011153263732155416,0,1,0,0,0,0,0,0,0,0,0
2018-04-01,0.3799999999999954,19347.0,0.5026307962557652,11.148410651180283,7.002857142857143,60.76989047619048,6.292792515102264,71.57391153846154,7.11525737672023,8.8228,4.9,43381.0,10.070725861167595,,0.4000000000000057,98.3845973813248,-0.4689275013503469,100.38,,100.4,0.2900000000000062,0.2099999999999937,0.3100000000000023,0.005026307962557652,0.06292792515102263,0.0711525737672023,0.023722612249351016,-0.004689275013503469,0,0,1,0,0,0,0,0,0,0,0
2018-05-01,0.3799999999999954,19760.0,2.112232362337174,13.36470731151369,6.9455,62.2309,2.3757217076533443,76.98611481481483,7.289443493052783,5.2921,4.7,44076.0,10.509333613932805,,0.4000000000000057,98.5224294634908,0.1399971416828016,100.38,,100.4,0.3799999999999954,0.2900000000000062,0.2099999999999937,0.02112232362337174,0.023757217076533443,0.07289443493052783,0.01589385939475818,0.0013999714168280164,0,0,0,1,0,0,0,0,0,0,0
2018-06-01,0.4899999999999949,20078.0,1.596499594961287,12.685132211579209,7.0215000000000005,62.768504761904765,0.8601770188046309,75.81452727272728,-1.5335151552673842,5.9878,4.7,45848.0,10.074719851472302,,0.5,96.83157564990024,-1.731109672226605,100.49,,100.5,0.3799999999999954,0.3799999999999954,0.2900000000000062,0.01596499594961287,0.00860177018804631,-0.015335151552673842,0.03941616062390452,-0.01731109672226605,0,0,0,0,1,0,0,0,0,0,0
2018-07-01,0.269999999999996,20604.0,2.5860543434003347,13.283828623267269,7.089545454545455,62.86194761904761,0.1487583187095076,75.15690384615385,-0.8711947433424072,5.4934,4.7,42413.0,10.794954952202929,,0.7000000000000028,95.0089498482682,-1.900203973067338,100.27,,100.7,0.4899999999999949,0.3799999999999954,0.3799999999999954,0.025860543434003347,0.0014875831870950762,-0.008711947433424072,-0.07787665823127021,-0.01900203973067338,0,0,0,0,0,1,0,0,0,0,0
2018-08-01,0.0100000000000051,20671.0,0.3246520113760809,13.51429519318117,7.027826086956521,66.07640869565218,4.987076558014802,73.81058,-1.807589776147012,5.2114,4.6,41364.0,10.882092225050854,,0.5,95.84250196663218,0.8735143595949957,100.01,,100.5,0.269999999999996,0.4899999999999949,0.3799999999999954,0.003246520113760809,0.049870765580148024,-0.018075897761470117,-0.0250439816954362,0.008735143595949957,0,0,0,0,0,0,1,0,0,0,0
2018-09-01,0.1599999999999966,20597.0,-0.35863176947597,13.0505022129622,7.148999999999999,67.66609523809524,2.37734656710673,78.95199583333333,6.733793833011692,3.9649,4.5,41774.0,9.345189886056104,,0.7000000000000028,94.016746664417,-1.9233317281703852,100.16,,100.7,0.0100000000000051,0.269999999999996,0.4899999999999949,-0.0035863176947596997,0.023773465671067306,0.06733793833011692,0.009863199110396792,-0.019233317281703854,0,0,0,0,0,0,0,1,0,0,0
2018-10-01,0.3499999999999943,20575.0,-0.1068687559206083,13.32051136253174,7.267391304347826,65.85452727272728,-2.713706846051433,80.51425925925926,1.9594282298575292,-0.0049,4.7,42332.0,9.923215722631973,,0.7000000000000028,93.16323002936052,-0.9119806143448984,100.35,,100.7,0.1599999999999966,0.0100000000000051,0.269999999999996,-0.001068687559206083,-0.027137068460514335,0.019594282298575294,0.013269164798352051,-0.009119806143448983,0,0,0,0,0,0,0,0,1,0,0
2018-11-01,0.5,20486.0,-0.4335020548790425,12.173254098896711,7.250952380952381,66.35568095238095,0.758120097805115,65.99988,-19.87813785506436,0.8277,4.8,42595.0,9.20802800577718,,0.7000000000000028,91.92833820204312,-1.3343775326156937,100.5,,100.7,0.3499999999999943,0.1599999999999966,0.0100000000000051,-0.004335020548790425,0.00758120097805115,-0.1987813785506436,0.00619357426332634,-0.013343775326156937,0,0,0,0,0,0,0,0,0,1,0
2018-12-01,0.8400000000000034,20574.0,0.4286416694494477,11.341812257168192,7.492380952380953,67.33531363636364,1.4655440643316808,57.85386956521739,-13.173258280817368,-4.5806,4.8,55569.0,8.194455522991362,,0.7999999999999972,92.0416102058122,0.1231418707925868,100.84,,100.8,0.5,0.3499999999999943,0.1599999999999966,0.004286416694494477,0.014655440643316808,-0.13173258280817368,0.26588861631389094,0.0012314187079258687,0,0,0,0,0,0,0,0,0,0,1
2019-01-01,1.0100000000000051,21624.0,4.977566626530816,10.292791141902136,7.645294117647059,66.51254374999999,-1.2294261048293895,60.3983,4.304061781452617,-1.2911,4.9,42263.0,7.991455019345039,,0.7000000000000028,93.08303779993388,1.1251214697730385,101.01,,100.7,0.8400000000000034,0.5,0.3499999999999943,0.04977566626530816,-0.012294261048293897,0.04304061781452617,-0.27371349302539016,0.011251214697730383,0,0,0,0,0,0,0,0,0,0,0
2019-02-01,0.4399999999999977,20750.0,-4.125756229743871,9.523789326043364,7.5905,65.810525,-1.061077774614283,64.46232916666666,6.512005040467983,-4.2332,4.9,43062.0,6.274736229895339,,0.519999999999996,93.82715057998416,0.796229159868922,100.44,,100.52,1.0100000000000051,0.8400000000000034,0.5,-0.04125756229743871,-0.01061077774614283,0.06512005040467983,0.0187289388926839,0.00796229159868922,1,0,0,0,0,0,0,0,0,0,0
2019-03-01,0.3199999999999932,20946.0,0.9401450674246804,8.443663661716094,7.676,65.09225714285715,-1.0974175704112632,66.911804,3.72943847674776,5.0956,4.7,46324.0,8.936124034070936,,0.4599999999999937,92.9804619012011,-0.9064881943269044,100.32,,100.46,0.4399999999999977,1.0100000000000051,0.8400000000000034,0.009401450674246803,-0.010974175704112632,0.037294384767477595,0.0730192476461422,-0.009064881943269043,0,1,0,0,0,0,0,0,0,0,0
2019-04-01,0.2900000000000062,20811.0,-0.6466004279680249,7.294432437492304,7.745454545454546,64.60310476190476,-0.7543133279668268,71.626836,6.809441419275952,8.8594,4.7,48030.0,10.18042584459593,,0.3799999999999954,93.46904368626568,0.5240913907011091,100.29,,100.38,0.3199999999999932,0.4399999999999977,1.0100000000000051,-0.006466004279680249,-0.007543133279668268,0.06809441419275952,0.036165630354600964,0.005240913907011091,0,0,1,0,0,0,0,0,0,0,0
2019-05-01,0.3400000000000034,21175.0,1.7339547466844962,6.916154821839626,7.7155555555555555,64.81870555555555,0.333175671957342,70.26102222222222,-1.9252612347421485,7.4334,4.5,47926.0,8.374273802484566,,0.3499999999999943,94.15785709874328,0.7342406703312321,100.34,,100.35,0.2900000000000062,0.3199999999999932,0.4399999999999977,0.017339547466844962,0.00333175671957342,-0.019252612347421483,-0.0021676610263554608,0.007342406703312321,0,0,0,1,0,0,0,0,0,0,0
2019-06-01,0.0400000000000062,21090.0,-0.4022246047435729,4.917430622134766,7.576842105263158,64.16905,-1.007322045592307,63.118945454545454,-10.719622646264073,5.5341,4.4,49348.0,7.356566095978145,,0.4599999999999937,95.4010772869444,1.3117166098124855,100.04,,100.46,0.3400000000000034,0.2900000000000062,0.3199999999999932,-0.004022246047435729,-0.010073220455923071,-0.10719622646264071,0.029239083558840306,0.013117166098124855,0,0,0,0,1,0,0,0,0,0,0
2019-07-01,0.2000000000000028,21718.0,2.9342415304025598,5.265617809136991,7.320434782608696,63.22268181818181,-1.485788093153051,64.24855185185186,1.7738214846366065,6.5985,4.5,46509.0,9.219092323416866,,0.519999999999996,95.08883983084432,-0.3278259977837372,100.2,,100.52,0.0400000000000062,0.3400000000000034,0.2900000000000062,0.029342415304025593,-0.01485788093153051,0.017738214846366063,-0.059251395956883,-0.0032782599778373722,0,0,0,0,0,1,0,0,0,0,0
2019-08-01,-0.2399999999999948,21745.0,0.1242436254893064,5.0652094232502165,7.132272727272727,65.58748260869565,3.672173755535901,59.470134615384616,-7.7284936949845395,7.7441,4.3,44961.0,8.338451000823888,,0.3499999999999943,93.84638464040344,-1.3152371182895806,99.76,,100.35,0.2000000000000028,0.0400000000000062,0.3400000000000034,0.0012424362548930645,0.03672173755535901,-0.0772849369498454,-0.03385039492136599,-0.013152371182895806,0,0,0,0,0,0,1,0,0,0,0
2019-09-01,-0.1599999999999966,21956.0,0.9656604638040632,6.38950165653025,6.855714285714286,64.958705,-0.9633103541038855,62.60618,5.138974797739859,4.6348,4.5,45541.0,8.633888267898904,,0.3299999999999983,93.23986719519333,-0.6483849712163092,99.84,,100.33,-0.2399999999999948,0.2000000000000028,0.0400000000000062,0.009656604638040633,-0.009633103541038857,0.05138974797739859,0.012817571781146953,-0.006483849712163092,0,0,0,0,0,0,0,1,0,0,0
2019-10-01,0.1299999999999954,22430.0,2.135889784447542,8.6322601968984,6.789999999999999,64.37499130434783,-0.9026536404083352,59.69619259259259,-4.759575258174476,2.2835,4.6,46549.0,9.496221998372969,,0.3700000000000045,95.0412749556614,1.913588062830396,100.13,,100.37,-0.1599999999999966,-0.2399999999999948,0.2000000000000028,0.021358897844475422,-0.009026536404083352,-0.047595752581744755,0.02189250210309268,0.01913588062830396,0,0,0,0,0,0,0,0,1,0,0
2019-11-01,0.2800000000000011,22137.0,-1.314893178777865,7.750869072999578,6.457000000000001,63.86711904761904,-0.7920563853168083,62.59884,4.747850488658933,1.5025,4.6,46285.0,8.308105902436935,,0.3100000000000023,98.2497309528696,3.320124189056628,100.28,,100.31,0.1299999999999954,-0.1599999999999966,-0.2399999999999948,-0.01314893178777865,-0.007920563853168083,0.047478504886589334,-0.005687586696033975,0.03320124189056628,0,0,0,0,0,0,0,0,0,1,0
2019-12-01,0.3599999999999994,22529.0,1.7552951450666043,9.077522548616734,6.151363636363637,62.932538095238094,-1.4741331287725146,64.79773846153846,3.4523954881374053,-3.8593,4.6,62239.0,11.335632109432048,,0.1599999999999966,100.79080644635184,2.5534633235955617,100.36,,100.16,0.2800000000000011,0.1299999999999954,-0.1599999999999966,0.017552951450666043,-0.014741331287725146,0.03452395488137405,0.29616387838384206,0.025534633235955617,0,0,0,0,0,0,0,0,0,0,1
2020-01-01,0.4000000000000057,23862.0,5.748386725860399,9.848342647946318,6.038823529411765,61.81214705882353,-1.796342926564165,63.97132,-1.283584454264286,-0.5426,4.7,46674.0,9.927526566938738,,0.2999999999999971,102.46725884054418,1.649617601682607,100.4,,100.3,0.3599999999999994,0.2800000000000011,0.1299999999999954,0.05748386725860399,-0.01796342926564165,-0.01283584454264286,-0.28779454845032326,0.01649617601682607,0,0,0,0,0,0,0,0,0,0,0
2020-02-01,0.3299999999999983,23358.0,-2.1347697597235538,11.839329117966637,5.938421052631579,63.97975,3.446672754338831,55.35036842105263,-14.475154258225054,-2.2833,4.6,47257.0,9.295985343905675,,0.2999999999999971,99.58671217736412,-2.851457778867505,100.33,,100.3,0.4000000000000057,0.3599999999999994,0.2800000000000011,-0.021347697597235538,0.03446672754338831,-0.14475154258225054,0.012413526662353291,-0.028514577788675055,1,0,0,0,0,0,0,0,0,0,0
2020-03-01,0.5499999999999972,24024.0,2.8113792824655093,13.710563333007464,5.79421052631579,73.71944210526316,14.169993797752856,33.761754545454544,-49.435467582897054,2.4454,4.7,50948.0,9.514531940538085,,0.4000000000000057,95.21488451489662,-4.489246429420923,100.55,,100.4,0.3299999999999983,0.4000000000000057,0.3599999999999994,0.028113792824655093,0.14169993797752856,-0.4943546758289705,0.07520471361246628,-0.04489246429420923,0,1,0,0,0,0,0,0,0,0,0
2020-04-01,0.8299999999999983,25136.0,4.524775083223709,18.8819388441992,5.994736842105263,74.76353333333333,1.406367880098358,26.63142857142857,-23.723659593273805,-20.8481,5.8,49306.0,2.621996182055497,,0.2000000000000028,92.42099237950778,-2.978213642408001,100.83,,100.2,0.5499999999999972,0.3299999999999983,0.4000000000000057,0.04524775083223709,0.014063678800983581,-0.23723659593273805,-0.03275972723022491,-0.029782136424080008,0,0,1,0,0,0,0,0,0,0,0
2020-05-01,0.269999999999996,25991.0,3.344924273699057,20.49290837121376,5.468823529411765,72.50029444444445,-3.0739620666101253,32.53142857142857,20.011461144986995,-21.8715,6.1,50747.0,5.719434822376712,,0.2999999999999971,91.1522748876618,-1.382268465844838,100.27,,100.3,0.8299999999999983,0.5499999999999972,0.3299999999999983,0.03344924273699057,-0.030739620666101253,0.20011461144986997,0.02880672537685669,-0.013822684658448381,0,0,0,1,0,0,0,0,0,0,0
2020-06-01,0.2199999999999988,26471.0,1.8299469892461675,22.7250799652035,4.994,69.196715,-4.663723275649367,40.76590909090909,22.563951560913956,-8.4201,6.2,52123.0,5.470907186907148,,0.0999999999999943,93.1355966912326,2.1525001759298057,100.22,,100.1,0.269999999999996,0.8299999999999983,0.5499999999999972,0.018299469892461673,-0.046637232756493674,0.22563951560913953,0.026753807204144664,0.021525001759298057,0,0,0,0,1,0,0,0,0,0,0
2020-07-01,0.3499999999999943,27817.0,4.959755044870562,24.7505934796715,4.2290909090909095,71.29407391304348,2.9859818743377176,43.22217391304348,5.8507477951813325,3.7931,6.3,50145.0,7.527296628783731,,0.0999999999999943,93.77510606825632,0.6842966861317024,100.35,,100.1,0.2199999999999988,0.269999999999996,0.8299999999999983,0.04959755044870562,0.029859818743377176,0.058507477951813325,-0.038687501538117175,0.006842966861317024,0,0,0,0,0,1,0,0,0,0,0
2020-08-01,-0.0400000000000062,28088.0,0.9695094274707828,25.595859281652977,4.155238095238095,73.79810952380953,3.451990592783627,45.06238095238096,4.169412461972533,6.0928,6.4,47649.0,5.80661961901594,,0.4000000000000057,95.6677271001103,1.9981584639799264,99.96,,100.4,0.3499999999999943,0.2199999999999988,0.269999999999996,0.009695094274707827,0.03451990592783627,0.041694124619725326,-0.05105716501904389,0.019981584639799266,0,0,0,0,0,0,1,0,0,0,0
2020-09-01,-0.0699999999999931,29027.0,3.2883992459323608,27.918598063781275,4.165,75.72798636363636,2.5814678023793114,41.873636363636365,-7.33913480437236,3.6785,6.3,49259.0,7.847907292761036,,0.2999999999999971,97.91460667133413,2.321472661852741,99.93,,100.3,-0.0400000000000062,0.3499999999999943,0.2199999999999988,0.03288399245932361,0.025814678023793114,-0.0733913480437236,0.03323044851859791,0.023214726618527415,0,0,0,0,0,0,0,1,0,0,0
2020-10-01,0.4300000000000068,29514.0,1.6638295715802442,27.446537850913977,4.174090909090909,77.66354782608695,2.5238214252048863,41.52409090909091,-0.8382662521525752,-2.0027,6.3,49539.0,6.225471693375262,,0.2000000000000028,101.31856844694124,3.4173957687485768,100.43,,100.2,-0.0699999999999931,-0.0400000000000062,0.3499999999999943,0.016638295715802442,0.025238214252048863,-0.008382662521525752,0.0056681461092349394,0.03417395768748577,0,0,0,0,0,0,0,0,1,0,0
2020-11-01,0.7099999999999937,29622.0,0.3652601463523197,29.12669117604416,4.061999999999999,76.83946842105263,-1.0667587466952178,43.98,5.746122248361862,-7.4796,6.1,49274.0,6.257862404680914,,0.0999999999999943,105.51219139335448,4.055680846439813,100.71,,100.1,0.4300000000000068,-0.0699999999999931,-0.0400000000000062,0.0036526014635231974,-0.010667587466952178,0.05746122248361818,-0.005363679582977454,0.04055680846439813,0,0,0,0,0,0,0,0,0,1,0
2020-12-01,0.8299999999999983,30395.0,2.576079269590537,29.94747530056809,4.171304347826087,74.2167043478261,-3.4729169060906173,50.23954545454546,13.306748951121785,-11.4606,5.9,69278.0,10.714558257418716,,0.0999999999999943,108.46413920901963,2.7593099675442545,100.83,,100.1,0.7099999999999937,0.4300000000000068,-0.0699999999999931,0.025760792695905366,-0.03472916906090617,0.13306748951121827,0.3407308369112201,0.027593099675442545,0,0,0,0,0,0,0,0,0,0,1
2021-01-01,0.6700000000000017,31786.0,4.474782007394218,28.673870582101912,4.306,74.392475,0.2365543432915728,55.24400000000001,9.495726257784876,-4.5045,5.8,49516.0,5.910858521687068,,0.4000000000000057,113.49364256189074,4.532721853604915,100.67,,100.4,0.8299999999999983,0.7099999999999937,0.4300000000000068,0.04474782007394218,0.0023655434329157288,0.09495726257784876,-0.33583154580763974,0.04532721853604915,0,0,0,0,0,0,0,0,0,0,0
2021-02-01,0.7800000000000011,31520.0,-0.8403676284949313,29.96827271333053,4.057894736842105,74.3168157894737,-0.1017545260995511,62.1145,11.721971883211424,-3.8284,5.7,51229.0,8.070498683294147,,0.4000000000000057,116.49751919361708,2.612315562151224,100.78,,100.4,0.6700000000000017,0.8299999999999983,0.7099999999999937,-0.008403676284949313,-0.0010175452609955116,0.11721971883211424,0.034009928278424084,0.02612315562151224,1,0,0,0,0,0,0,0,0,0,0
2021-03-01,0.6599999999999966,32158.0,2.0038988332540697,29.16079226411909,4.222272727272728,74.39713333333333,0.1080161641091592,65.66869565217391,5.564288180119714,7.2639,5.4,55208.0,8.030236559078752,,0.5999999999999943,119.10272734215664,2.2116397393720177,100.66,,100.6,0.7800000000000011,0.6700000000000017,0.8299999999999983,0.020038988332540697,0.0010801616410915926,0.05564288180119714,0.07480209237031232,0.022116397393720177,0,1,0,0,0,0,0,0,0,0,0
2021-04-01,0.5799999999999983,32198.0,0.12430854978831,24.760325730683697,4.514545454545455,76.14393181818183,2.3207978314997213,65.25761904761904,-0.627953144960891,12.8622,5.2,56614.0,13.821052694924774,,0.7000000000000028,122.06139321899512,2.453776556813292,100.58,,100.7,0.6599999999999966,0.7800000000000011,0.6700000000000017,0.0012430854978831007,0.023207978314997213,-0.0062795314496089105,0.02514843412823531,0.02453776556813292,0,0,1,0,0,0,0,0,0,0,0
2021-05-01,0.7399999999999949,33030.0,2.5511900582595004,23.96659151524414,4.791052631578947,74.00427368421053,-2.8502544919885686,68.24666666666666,4.478578642413034,10.6774,4.9,56171.0,10.154810660946367,,0.9000000000000057,128.3515856198228,5.0249119850092505,100.74,,100.9,0.5799999999999983,0.6599999999999966,0.7800000000000011,0.025511900582595004,-0.028502544919885686,0.044785786424130336,-0.007855694962927373,0.050249119850092505,0,0,0,1,0,0,0,0,0,0,0
2021-06-01,0.6899999999999977,33277.0,0.7450228256304925,22.881667351628465,5.1033333333333335,72.61685714285714,-1.8925757097168368,73.36318181818181,7.229360684200435,8.2539,4.8,58782.0,12.022937551227209,,1.2999999999999972,125.3614877989432,-2.357179492714412,100.69,,101.3,0.7399999999999949,0.5799999999999983,0.6599999999999966,0.007450228256304925,-0.018925757097168372,0.07229360684200437,0.045435076106953076,-0.02357179492714412,0,0,0,0,1,0,0,0,0,0,0
2021-07-01,0.3100000000000023,33754.0,1.4232461155289755,19.34515842228688,5.759545454545454,73.88989130434783,1.7378942823896182,74.16909090909091,1.0925299153186074,9.0645,4.0,55170.0,9.55005187441671,,1.5,124.3727886747043,-0.7918050367601737,100.31,,101.5,0.6899999999999977,0.7399999999999949,0.5799999999999983,0.014232461155289755,0.017378942823896182,0.010925299153186074,-0.06341635830622216,-0.007918050367601737,0,0,0,0,0,1,0,0,0,0,0
2021-08-01,0.1700000000000017,33519.0,-0.6986486580981222,17.677000336717974,6.297272727272727,73.58273333333334,-0.4165632990288159,70.39818181818181,-5.218006243449835,9.0535,4.4,52355.0,9.418580021829824,,1.2000000000000028,127.98606001293273,2.8637936019114463,100.17,,101.2,0.3100000000000023,0.6899999999999977,0.7399999999999949,-0.0069864865809812216,-0.0041656329902881595,-0.05218006243449835,-0.052371883544912734,0.028637936019114463,0,0,0,0,0,0,1,0,0,0,0
2021-09-01,0.5999999999999943,33760.0,0.7164227494445896,15.105023840230205,6.569090909090909,72.92621818181819,-0.8962176563653834,74.84181818181818,6.120935897856139,7.8809,4.3,54687.0,10.453392917916917,,0.7999999999999972,129.14486699463782,0.9013422387387672,100.6,,100.8,0.1700000000000017,0.3100000000000023,0.6899999999999977,0.007164227494445896,-0.008962176563653834,0.06120935897856139,0.043578577479468805,0.00901342238738767,0,0,0,0,0,0,0,1,0,0,0
2021-10-01,1.1099999999999994,33938.0,0.5258660822876848,13.967060350937643,6.809523809523809,71.45009090909092,-2.044904347804,83.64952380952381,11.12589394002308,3.6689,4.3,54649.0,9.81706780445073,,0.7999999999999972,133.27435051497795,3.1475015199892376,101.11,,100.8,0.5999999999999943,0.1700000000000017,0.3100000000000023,0.005258660822876848,-0.020449043478039997,0.1112589394002308,-0.000695105025426912,0.031475015199892376,0,0,0,0,0,0,0,0,1,0,0
2021-11-01,0.9599999999999936,33802.0,-0.4015358214598308,13.200264383125493,7.331999999999999,72.69891052631579,1.7327221823683736,80.30363636363637,-4.08208301078794,-0.8258,4.3,55639.0,12.148783564622434,,0.9000000000000057,135.44056329946903,1.6123107422293614,100.96,,100.9,1.1099999999999994,0.5999999999999943,0.1700000000000017,-0.004015358214598308,0.017327221823683736,-0.0408208301078794,0.017953478018739588,0.016123107422293614,0,0,0,0,0,0,0,0,0,1,0
2021-12-01,0.8199999999999932,34545.0,2.174284960472228,12.798470074007184,7.617727272727273,73.76931304347826,1.4616434169156811,74.46434782608696,-7.549444648245274,-3.8081,4.3,77994.0,11.850450517673394,,1.0,133.7218515098582,-1.2770989223438889,100.82,,101.0,0.9599999999999936,1.1099999999999994,0.5999999999999943,0.02174284960472228,0.014616434169156811,-0.07549444648245274,0.3377475064417297,-0.012770989223438889,0,0,0,0,0,0,0,0,0,0,1
2022-01-01,0.9899999999999948,36009.0,4.150608527055866,12.474296593668832,8.286249999999999,76.59474666666667,3.758566030615018,84.72714285714285,12.911555091141658,0.9414,4.4,55717.0,11.798945716085283,,0.5999999999999943,135.69780588364443,1.466849020888894,100.99,,100.6,0.8199999999999932,0.9599999999999936,1.1099999999999994,0.04150608527055866,0.03758566030615018,0.12911555091141658,-0.33634659382352083,0.01466849020888894,0,0,0,0,0,0,0,0,0,0,0
2022-02-01,1.1700000000000017,35897.0,-0.3115180668480377,13.003146155315726,9.565263157894735,77.16937368421053,0.7474171364215465,92.491,8.767533340330935,-1.0967,4.1,57344.0,11.276243940447728,,0.7000000000000028,141.6697709529155,4.306839479007163,101.17,,100.7,0.9899999999999948,0.8199999999999932,0.9599999999999936,-0.0031151806684803773,0.007474171364215465,0.08767533340330935,0.02878291052204851,0.04306839479007163,1,0,0,0,0,0,0,0,0,0,0
2022-03-01,7.609999999999999,37248.0,3.694452556613648,14.693699878675304,19.873636363636365,103.47004545454546,29.32794905346059,107.73260869565216,15.254096925271732,-8.0405,4.1,66757.0,18.99512903775573,,1.5999999999999943,160.22445466222428,12.3076881184633,107.61,,101.6,1.1700000000000017,0.9899999999999948,0.8199999999999932,0.03694452556613648,0.2932794905346059,0.15254096925271643,0.15199094334339236,0.123076881184633,0,1,0,0,0,0,0,0,0,0,0
2022-04-01,1.5600000000000025,34873.0,-6.588536128213463,7.980855200673531,17.08047619047619,77.89918636363636,-28.38666467222684,104.98190476190476,-2.586431203497952,-2.1051,4.0,62269.0,9.520740521139892,,1.0999999999999943,158.79942040312292,-0.8933774857692534,101.56,,101.1,7.609999999999999,1.1700000000000017,0.9899999999999948,-0.06588536128213462,-0.28386664672226836,-0.02586431203497863,-0.06959545103792308,-0.008933774857692534,0,0,1,0,0,0,0,0,0,0,0
2022-05-01,0.1200000000000045,34269.0,-1.7471735406918043,3.6824916017222256,13.253333333333334,63.3127411764706,-20.73289168919379,108.56454545454544,3.355688538106349,-1.5265,3.9,62457.0,10.607771047813763,,0.5999999999999943,158.6922950139432,-0.067482323502066,100.12,,100.6,1.5600000000000025,7.609999999999999,1.1700000000000017,-0.017471735406918043,-0.207328916891937,0.033556885381063495,0.003014610303811338,-0.0006748232350206607,0,0,0,1,0,0,0,0,0,0,0
2022-06-01,-0.3499999999999943,34720.0,1.3074734372230168,4.244942213314751,9.634761904761904,57.17855714285714,-10.190763832660998,113.0981818181818,4.091142202851739,1.5106,3.9,66572.0,12.444838313391848,,0.7000000000000028,155.66312893928134,-1.9272833274542656,99.65,,100.7,0.1200000000000045,1.5600000000000025,7.609999999999999,0.013074734372230168,-0.10190763832661087,0.040911422028517386,0.06380574876273393,-0.019272833274542656,0,0,0,0,1,0,0,0,0,0,0
2022-07-01,-0.3900000000000005,36458.0,4.8845023318579095,7.706198429643685,8.9,58.2214,1.8074031770067835,100.07714285714285,-12.231498995327428,5.8822,3.9,62200.0,11.99356724607945,,0.2000000000000028,141.60507728200506,-9.46522053142962,99.61,,100.2,-0.3499999999999943,0.1200000000000045,1.5600000000000025,0.048845023318579095,0.018074031770067833,-0.12231498995327428,-0.06792906897934614,-0.09465220531429619,0,0,0,0,0,1,0,0,0,0,0
2022-08-01,-0.519999999999996,37646.0,3.2065793791257846,11.611426466867592,7.938695652173913,60.39191818181818,3.660230630360495,95.9982608695652,-4.161124179972564,6.5522,3.8,59907.0,13.474591598993868,,0.7000000000000028,138.69153831893465,-2.07897187416366,99.48,,100.7,-0.3900000000000005,-0.3499999999999943,0.1200000000000045,0.032065793791257846,0.03660230630360495,-0.04161124179972564,-0.03756164001576856,-0.020789718741636598,0,0,0,0,0,0,1,0,0,0,0
2022-09-01,0.0499999999999971,39016.0,3.574511150576498,14.4695148679995,7.678181818181818,59.82150000000001,-0.9490162938203816,88.72090909090909,-7.883448563056117,6.4773,3.9,61879.0,12.35548440451133,,0.2000000000000028,137.33160413680997,-0.9853849021163265,100.05,,100.2,-0.519999999999996,-0.3900000000000005,-0.3499999999999943,0.03574511150576498,-0.009490162938203817,-0.07883448563056117,0.032387505534643424,-0.009853849021163263,0,0,0,0,0,0,0,1,0,0,0
2022-10-01,0.1800000000000068,40602.0,3.984550807039078,17.928199592750893,7.672380952380952,61.11584285714286,2.140599835118717,91.08666666666666,2.631584451108182,-2.9625,3.9,62470.0,13.375552531201151,,0.5,136.66577500353668,-0.4860122720731219,100.18,,100.5,0.0499999999999971,-0.519999999999996,-0.3900000000000005,0.03984550807039078,0.021405998351187172,0.02631584451108182,0.009505576241471303,-0.004860122720731219,0,0,0,0,0,0,0,0,1,0,0
2022-11-01,0.3700000000000045,41323.0,1.7601919203574568,20.08992733456818,7.314285714285714,60.85299523809524,-0.4310084937409364,89.88136363636363,-1.332081529604956,-3.2972,3.7,63060.0,12.520225990470736,,0.5999999999999943,135.97859321247356,-0.5040876147130113,100.37,,100.6,0.1800000000000068,0.0499999999999971,-0.519999999999996,0.017601919203574568,-0.004310084937409364,-0.01332081529604956,0.009400212611435421,-0.005040876147130113,0,0,0,0,0,0,0,0,0,1,0
2022-12-01,0.7800000000000011,41485.0,0.3912670434530696,18.306909417549026,7.310454545454546,65.81498695652174,7.838653616649793,81.62857142857143,-9.631127820482275,-5.4559,3.7,88468.0,12.600900405253768,,0.4000000000000057,133.09893257721535,-2.1404764833925505,100.78,,100.4,0.3700000000000045,0.1800000000000068,0.0499999999999971,0.003912670434530696,0.07838653616649793,-0.09631127820482277,0.33855425058956,-0.021404764833925505,0,0,0,0,0,0,0,0,0,0,1
2023-01-01,0.8400000000000034,44019.0,5.9289442777190615,20.085245168212214,6.997647058823529,68.875975,4.545984575936046,83.92619047619048,2.775838702491296,-1.3576,3.6,63260.0,12.696791104708716,,0.4200000000000017,131.4298765234223,-1.2619254655551693,100.84,,100.42,0.7800000000000011,0.3700000000000045,0.1800000000000068,0.059289442777190615,0.04545984575936046,0.027758387024912956,-0.33538768682897135,-0.012619254655551693,0,0,0,0,0,0,0,0,0,0,0
2023-02-01,0.4599999999999937,44965.0,2.1263050473040224,22.52306828236428,7.113333333333333,72.78275000000001,5.517155312323574,83.048,-1.0518973875328186,-0.6912,3.5,65094.0,12.676416171590432,,0.4899999999999949,130.7331631955989,-0.5315127325211222,100.46,,100.49,0.8400000000000034,0.7800000000000011,0.3700000000000045,0.021263050473040224,0.05517155312323574,-0.010518973875328186,0.028579161190865676,-0.005315127325211222,1,0,0,0,0,0,0,0,0,0,0
2023-03-01,0.3700000000000045,45621.0,1.4483727459952078,20.27698847174584,7.354090909090909,76.10358636363637,4.461641416724849,78.7604347826087,-5.300797978725402,9.4485,3.5,71334.0,6.631391140860465,,-0.019999999999996,127.98604812676368,-2.123706471364084,100.37,,99.98,0.4599999999999937,0.8400000000000034,0.7800000000000011,0.014483727459952078,0.044616414167248486,-0.05300797978725402,0.09154069303609269,-0.02123706471364084,0,1,0,0,0,0,0,0,0,0,0
2023-04-01,0.3799999999999954,45350.0,-0.5957960265284612,26.26972857343084,7.1595,80.99554285714287,6.22987359601801,83.2642105263158,5.560803720258711,14.337,3.3,71204.0,13.40852869572533,,0.5400000000000063,128.3884752652535,0.3139371757229448,100.38,,100.54,0.3700000000000045,0.4599999999999937,0.8400000000000034,-0.005957960265284612,0.062298735960180096,0.05560803720258711,-0.0018240754892744349,0.0031393717572294477,0,0,1,0,0,0,0,0,0,0,0
2023-05-01,0.3100000000000023,45759.0,0.8978317124759272,28.91473382659857,7.251,79.2125947368421,-2.2258816070992893,75.60217391304347,-9.6533773070683,10.1623,3.2,72851.0,15.39379394212208,,0.4899999999999949,124.46266276043217,-3.105485730642066,100.31,,100.49,0.3799999999999954,0.3700000000000045,0.4599999999999937,0.008978317124759272,-0.022258816070992893,-0.096533773070683,0.02286726276777884,-0.031054857306420658,0,0,0,1,0,0,0,0,0,0,0
2023-06-01,0.3700000000000045,47519.0,3.774113737601681,31.381374126977235,7.331904761904762,83.31933333333333,5.05453044481472,74.97,-0.8397004720624324,11.4439,3.1,76604.0,14.036522597983314,,0.730000000000004,123.0074423593665,-1.1760912891280562,100.37,,100.73,0.3100000000000023,0.3799999999999954,0.3700000000000045,0.03774113737601681,0.0505453044481472,-0.008397004720624324,0.050233035321346264,-0.011760912891280562,0,0,0,0,1,0,0,0,0,0,0
2023-07-01,0.6299999999999955,48448.0,1.9361426753061293,28.43301447042545,7.827142857142857,90.4740476190476,8.23824278595513,79.7395238095238,6.167733663113939,11.2886,3.0,71419.0,13.820894064294365,,0.5300000000000011,124.35991296032483,1.09350247607507,100.63,,100.53,0.3700000000000045,0.3100000000000023,0.3799999999999954,0.019361426753061295,0.0823824278595513,0.06167733663113939,-0.07008535431623564,0.0109350247607507,0,0,0,0,0,1,0,0,0,0,0
2023-08-01,0.2800000000000011,49517.0,2.182498714302028,27.4089338056017,10.331304347826087,95.28534782608696,5.181300800967215,84.46652173913044,5.758989327573261,10.2813,3.0,69439.0,14.765530959737738,,0.6299999999999955,121.79858561713716,-2.081114241981652,100.28,,100.63,0.6299999999999955,0.3700000000000045,0.3100000000000023,0.02182498714302028,0.051813008009672146,0.057589893275732607,-0.028115271061334823,-0.02081114241981652,0,0,0,0,0,0,1,0,0,0,0
2023-09-01,0.8700000000000045,49711.0,0.3910191622964021,24.2254418173216,12.28095238095238,96.62225909090908,1.3933089096574314,90.77904761904765,7.207324246362479,9.2139,3.0,70922.0,13.639981633398612,,0.7800000000000011,121.66964695848252,-0.1059182706055317,100.87,,100.78,0.2800000000000011,0.6299999999999955,0.3700000000000045,0.003910191622964021,0.013933089096574314,0.07207324246362479,0.021132012271252165,-0.0010591827060553172,0,0,0,0,0,0,0,1,0,0,0
2023-10-01,0.8299999999999983,48985.0,-1.471210778436216,18.76968023184631,13.07681818181818,97.12228095238096,0.5161672907299852,87.03318181818182,-4.213905973646881,4.3935,2.9,73830.0,16.707871156559406,,0.9300000000000068,120.72453036002508,-0.7798218574890825,100.83,,100.93,0.8700000000000045,0.2800000000000011,0.6299999999999955,-0.01471210778436216,0.005161672907299852,-0.04213905973646881,0.04018447147307924,-0.007798218574889937,0,0,0,0,0,0,0,0,1,0,0
2023-11-01,1.1099999999999994,48630.0,-0.7273504380911788,16.282137873397673,14.786666666666664,90.41279047619048,-7.158506799546593,81.645,-6.390886559472531,2.6856,2.9,73383.0,15.160564704893886,,0.7600000000000051,120.60622410101108,-0.0980449166168462,101.11,,100.76,0.8299999999999983,0.8700000000000045,0.2800000000000011,-0.007273504380911788,-0.07158506799546593,-0.0639088655947253,-0.006072851905219778,-0.0009804491661693504,0,0,0,0,0,0,0,0,0,1,0
2023-12-01,0.730000000000004,47883.0,-1.5480089047162693,14.342861925228334,15.18190476190476,90.81718636363637,0.4462799870962541,77.3135,-5.4511995966218585,-0.6332,3.0,103815.0,15.996956425546216,,0.7099999999999937,119.06942919244582,-1.282413085309475,100.73,,100.71,1.1099999999999994,0.8299999999999983,0.8700000000000045,-0.015480089047162693,0.004462799870962542,-0.054511995966218585,0.3469181677960833,-0.01282413085309475,0,0,0,0,0,0,0,0,0,0,1
2024-01-01,0.8599999999999994,49686.0,3.696266791108727,12.110184438618,15.682941176470589,88.6802875,-2.381091809260916,78.79363636363637,1.896365220812779,2.4411,2.9,75034.0,17.06881262676294,,0.519999999999996,117.64823715481582,-1.200763031774521,100.86,,100.52,0.730000000000004,1.1099999999999994,0.8299999999999983,0.036962667911087266,-0.023810918092609157,0.01896365220812779,-0.3246691248168041,-0.01200763031774521,0,0,0,0,0,0,0,0,0,0,0
2024-02-01,0.6800000000000068,48595.0,-2.220255832418516,7.76362355889546,15.793,91.518255,3.150083384254198,80.65142857142857,2.330428084107883,1.1798,2.8,78432.0,18.63996282773321,,0.6099999999999994,117.448709613027,-0.1697406899054954,100.68,,100.61,0.8599999999999994,0.730000000000004,1.1099999999999994,-0.022202558324185162,0.031500833842541986,0.023304280841078828,0.0442906632005684,-0.001697406899054954,1,0,0,0,0,0,0,0,0,0,0
2024-03-01,0.3900000000000005,49369.0,1.5802051894480584,7.895456002348311,15.5505,91.73163333333332,0.2328824663532458,84.16818571428571,4.268049033770183,13.3032,2.7,87740.0,20.70048236336053,,0.1500000000000056,118.94674437043132,1.2674142290264534,100.39,,100.15,0.6800000000000068,0.8599999999999994,0.730000000000004,0.015802051894480584,0.0023288246635324583,0.042680490337701826,0.11214588839236583,0.012674142290264534,0,1,0,0,0,0,0,0,0,0,0
2024-04-01,0.5,49338.0,-0.0628121633100775,8.428439865566695,15.702380952380953,92.95856666666668,1.3286588923985043,88.76607083333333,5.318748379979876,15.8611,2.6,83875.0,16.37785986766591,,0.7099999999999937,119.24981652077558,0.2544724514565999,100.5,,100.71,0.3900000000000005,0.6800000000000068,0.8599999999999994,-0.0006281216331007755,0.013286588923985043,0.05318748379979876,-0.045050300446220604,0.002544724514565999,0,0,1,0,0,0,0,0,0,0,0
2024-05-01,0.7399999999999949,50119.0,1.570560249708386,9.101168402799154,16.008000000000003,90.60715263157894,-2.5620716865425663,82.94485652173913,-6.782848403201758,13.2885,2.6,86384.0,17.03862140929644,,0.6800000000000068,120.48915811885604,1.033918360800001,100.74,,100.68,0.5,0.3900000000000005,0.6800000000000068,0.01570560249708386,-0.025620716865425663,-0.06782848403201758,0.02947487818408412,0.010339183608000013,0,0,0,1,0,0,0,0,0,0,0
2024-06-01,0.6400000000000006,49987.0,-0.2637206091611332,5.063334056036339,15.734210526315788,87.75688,-3.196289347027204,82.79323500000001,-0.182965258794443,13.1727,2.4,89145.0,15.161496278242126,,0.8100000000000023,120.9906702556396,0.4153662533261659,100.64,,100.81,0.7399999999999949,0.5,0.3900000000000005,-0.0026372060916113327,-0.031962893470272036,-0.0018296525879444303,0.03146178401080313,0.0041536625332616595,0,0,0,0,1,0,0,0,0,0,0
2024-07-01,1.1400000000000006,50277.0,0.578474444855992,3.705665825586202,16.16217391304348,87.49164999999999,-0.3026903592358465,83.82896956521739,1.2432291462094014,11.8828,2.4,85017.0,17.428729610490556,,0.8299999999999983,120.87563944840365,-0.0951193376620196,101.14,,100.83,0.6400000000000006,0.7399999999999949,0.5,0.00578474444855992,-0.0030269035923584653,0.012432291462094014,-0.04741302099375133,-0.0009511933766193081,0,0,0,0,0,1,0,0,0,0,0
2024-08-01,0.2000000000000028,51098.0,1.6197641429615215,3.1429312542456955,17.76090909090909,89.16016086956522,1.8890952557051757,78.64999999999999,-6.377101711260735,10.4823,2.4,82218.0,16.89255868653774,,0.5400000000000063,121.67446027762526,0.6586876017126819,100.2,,100.54,1.1400000000000006,0.6400000000000006,0.7399999999999949,0.016197641429615217,0.018890952557051754,-0.06377101711260735,-0.03347698030086299,0.006586876017125931,0,0,0,0,0,0,1,0,0,0,0
2024-09-01,0.480000000000004,50596.0,-0.9872835715166062,1.7646285204326873,18.46,91.234505,2.2998857028778907,72.78415238095238,-7.750938507374627,7.1429,2.4,84324.0,17.308584040006636,,0.5600000000000023,124.58967284066782,2.367660048056841,100.48,,100.56,0.2000000000000028,1.1400000000000006,0.6400000000000006,-0.009872835715166062,0.022998857028778907,-0.07750938507374627,0.025292265805941128,0.02367660048056841,0,0,0,0,0,0,0,1,0,0,0
2024-10-01,0.75,50832.0,0.46535557418661,3.701194873055513,18.925217391304347,96.16022608695653,5.258265211363256,75.30956521739131,3.4108910427326222,3.1813,2.3,86582.0,15.932678869905992,,0.7099999999999937,126.87890314572016,1.820739261321336,100.75,,100.71,0.480000000000004,0.2000000000000028,1.1400000000000006,0.0046535557418661,0.052582652113632555,0.03410891042732622,0.0264254197720728,0.018207392613213358,0,0,0,0,0,0,0,0,1,0,0
2024-11-01,1.4300000000000068,49592.0,-2.469654712754199,1.958890598392493,20.645714285714284,100.68745,4.600534241309084,73.28977619047619,-2.7186034677312065,0.7372,2.3,86399.0,16.328380050310187,,0.6500000000000057,127.68853287482968,0.6360848595501345,101.43,,100.65,0.75,0.480000000000004,0.2000000000000028,-0.02469654712754199,0.046005342413090844,-0.027186034677312065,-0.002115840101177824,0.006360848595501345,0,0,0,0,0,0,0,0,0,1,0
2024-12-01,1.3199999999999932,48530.0,-2.164736698249392,1.3421628048593703,21.14,102.25964761904764,1.549397936334529,73.07804545454546,-0.2893134313775469,-4.3708,2.3,128665.0,21.46016583830121,,0.6700000000000017,127.30340926953562,-0.3020675044810517,101.32,,100.67,1.4300000000000068,0.75,0.480000000000004,-0.02164736698249392,0.01549397936334529,-0.0028931343137754695,0.3982360256759936,-0.003020675044810517,0,0,0,0,0,0,0,0,0,0,1
2025-01-01,1.230000000000004,51716.0,6.358504797518094,4.004400811268738,20.79176470588235,100.412125,-1.8232176816282752,78.14833636363636,6.708078304073961,-0.8245,2.4,88981.0,17.048151965016878,,0.7999999999999972,124.65278402711756,-2.104114210925712,101.23,,100.8,1.3199999999999932,1.4300000000000068,0.75,0.06358504797518094,-0.018232176816282752,0.06708078304073961,-0.3687892635496475,-0.021041142109257116,0,0,0,0,0,0,0,0,0,0,0
2025-02-01,0.8100000000000023,51065.0,-1.2667880362243975,4.957868607462856,20.812,92.742305,-7.945823381196781,74.8629,-4.295032820214217,-0.8494,2.4,89646.0,13.363657375130169,,0.7999999999999972,126.5985597130937,1.548898849713343,100.81,,100.8,1.230000000000004,1.3199999999999932,1.4300000000000068,-0.012667880362243977,-0.07945823381196782,-0.042950328202142174,0.007445717301701293,0.015488988497133427,1,0,0,0,0,0,0,0,0,0,0
2025-03-01,0.6500000000000057,51587.0,1.0170371731254235,4.3947005911402215,21.334761904761905,86.02341428571428,-7.520521475226616,71.35952380952381,-4.7927625528704,7.433,2.3,97645.0,10.696055699667896,,0.2999999999999971,127.23216950187272,0.4992390848371997,100.65,,100.3,0.8100000000000023,1.230000000000004,1.3199999999999932,0.010170371731254235,-0.07520521475226616,-0.047927625528704,0.08546987163774311,0.004992390848371997,0,1,0,0,0,0,0,0,0,0,0
2025-04-01,0.4000000000000057,51135.0,-0.8800508503339799,3.577461904116319,21.06954545454545,83.4256,-3.0664301633649416,66.2104761904762,-7.489211414259422,10.1533,2.3,97375.0,14.92419088990662,,0.5999999999999943,128.16482570414158,0.7303612537680415,100.4,,100.6,0.6500000000000057,0.8100000000000023,1.230000000000004,-0.008800508503339799,-0.030664301633649416,-0.07489211414259422,-0.0027689485438333605,0.007303612537680415,0,0,1,0,0,0,0,0,0,0,0
2025-05-01,0.4300000000000068,51031.0,-0.2035903058208887,1.8033113485870444,20.761666666666667,80.20483157894738,-3.937145951588761,63.85849090909091,-3.616914526545312,7.4666,2.2,99422.0,14.05709436649829,,0.5999999999999943,127.07633698308577,-0.852915186741221,100.43,,100.6,0.4000000000000057,0.6500000000000057,0.8100000000000023,-0.0020359030582088877,-0.03937145951588761,-0.03616914526545312,0.020803912950000836,-0.008529151867411322,0,0,0,1,0,0,0,0,0,0,0
2025-06-01,0.2000000000000028,51382.0,0.6854625376391255,2.752494495387303,20.026315789473685,78.66786111111111,-1.934905732634018,69.50333333333333,8.47051572826949,5.7419,2.2,103183.0,14.623985330929834,,0.5,128.0829069768677,0.788978051214162,100.2,,100.5,0.4300000000000068,0.4000000000000057,0.6500000000000057,0.006854625376391255,-0.01934905732634018,0.0847051572826949,0.03713069365511856,0.007889780512140732,0,0,0,0,1,0,0,0,0,0,0
2025-07-01,0.5699999999999932,52411.0,1.9828576384069765,4.156877688938288,19.26608695652174,78.77240434782608,0.1328037040273955,69.47079130434783,-0.046831782053136,5.7331,2.2,99305.0,15.534468575777185,,0.4000000000000057,129.78117884185113,1.317202753557467,100.57,,100.4,0.2000000000000028,0.4300000000000068,0.4000000000000057,0.019828576384069763,0.001328037040273955,-0.00046831782053136095,-0.038308188545277844,0.01317202753557467,0,0,0,0,0,1,0,0,0,0,0
2025-08-01,-0.4000000000000057,52536.0,0.2382155928442486,2.7753291388210144,17.726666666666667,80.12778636363636,1.7059952947056978,67.2004761904762,-3.322606155899077,6.378,2.1,92866.0,12.178333770881087,,0.4000000000000057,130.02179811826025,0.1852321694104652,99.6,,100.4,0.5699999999999932,0.2000000000000028,0.4300000000000068,0.0023821559284424865,0.017059952947056978,-0.03322606155899077,-0.06703832834982393,0.0018523216941046527,0,0,0,0,0,0,1,0,0,0,0
2025-09-01,0.3400000000000034,52882.0,0.6564367422146944,4.419049452552315,17.187727272727273,82.97080476190476,3.486610621615593,67.47969545454545,0.4146410874052542,3.5333,2.2,96182.0,13.157570797919504,,0.5999999999999943,128.6182091812746,-1.085371695237214,100.34,,100.6,-0.4000000000000057,0.5699999999999932,0.2000000000000028,0.006564367422146944,0.034866106216155934,0.004146410874052542,0.03508463607632528,-0.010853716952372139,0,0,0,0,0,0,0,1,0,0,0
2025-10-01,0.5,53020.0,0.2606184550060675,4.2143123333717725,16.48304347826087,80.92137391304348,-2.501080524765697,63.91347826086957,-5.429647800426807,0.1736,2.2,99707.0,14.1143943364904,,0.5,126.3719160743273,-1.761912320942827,100.5,,100.5,0.3400000000000034,-0.4000000000000057,0.5699999999999932,0.002606184550060675,-0.025010805247656975,-0.05429647800426807,0.035993655157781745,-0.017619123209428267,0,0,0,0,0,0,0,0,1,0,0
2025-11-01,0.4200000000000017,53430.0,0.7703185108800525,7.454285557006024,16.291052631578946,80.34382500000001,-0.7162752859237287,63.485535000000006,-0.6718181867810813,-0.7337,2.1,98193.0,12.79588280549806,,0.5,125.16353075114137,-0.9608145766947906,100.42,,100.5,0.5,0.3400000000000034,-0.4000000000000057,0.007703185108800525,-0.007162752859237287,-0.006718181867810813,-0.015300955411101214,-0.009608145766947906,0,0,0,0,0,0,0,0,0,1,0
2025-12-01,0.3199999999999932,53928.0,0.927743758145816,10.546766013401232,16.012727272727275,78.40162272727274,-2.447061276053386,61.61801304347826,-2.985783734357206,-5.8546,2.2,139727.0,8.247839153911052,,0.4000000000000057,124.33960050043544,-0.660459242816902,100.32,,100.4,0.4200000000000017,0.5,0.3400000000000034,0.009277437581458159,-0.02447061276053386,-0.029857837343572058,0.3527555891601235,-0.0066045924281690205,0,0,0,0,0,0,0,0,0,0,1
2026-01-01,1.6200000000000043,55914.0,3.6164972480435154,7.804758463926653,15.684666666666669,77.21495333333334,-1.5251490892397968,64.61344285714286,4.746823557367463,-3.147,2.2,,,,,123.85974813303284,-0.386667384831707,101.62,,,0.3199999999999932,0.4200000000000017,0.5,0.036164972480435154,-0.015251490892397968,0.04746823557367463,,-0.0038666738483170704,0,0,0,0,0,0,0,0,0,0,0
2026-02-01,,54888.0,-1.852005064298368,7.219541435852683,15.303157894736842,76.9278,-0.3725814666013072,69.39673,7.141726534316994,-6.2138,,,,,,,,,,,1.6200000000000043,0.3199999999999932,0.4200000000000017,-0.018520050642983676,-0.003725814666013072,0.07141726534316994,,,1,0,0,0,0,0,0,0,0,0,0
